"Subject","Group","Scanner","demo_age","demo_sex","demo_cort","demo_beta","demo_antidep","demo_edu","demo_emp","lec_01","lec_02","lec_03","lec_04","lec_05","lec_06","lec_07","lec_08","lec_09","lec_10","lec_11","lec_12","lec_13","lec_14","lec_15","lec_16","lec_17","pcl5_1","pcl5_2","pcl5_3","pcl5_4","pcl5_5","pcl5_6","pcl5_7","pcl5_8","pcl5_9","pcl5_10","pcl5_11","pcl5_12","pcl5_13","pcl5_14","pcl5_15","pcl5_16","pcl5_17","pcl5_18","pcl5_19","pcl5_20","audit_1","audit_2","audit_3","audit_4","audit_5","audit_6","audit_7","audit_8","audit_9","audit_10","PCL_score","AUDIT_score","LEC_score","pcl_clustB","pcl_clustC","pcl_clustD","pcl_clustE","pcl_IInt","pcl_EInt","pcl_AV","pcl_NA","pcl_AN","pcl_EB","pcl_AA","pcl_DA"
7001,"TC","pa",19,"Female","No","No","Yes",3,"school","Doesn't apply","Doesn't apply","Happened to me","Doesn't apply","Doesn't apply","Doesn't apply","Doesn't apply","Doesn't apply","Doesn't apply","Doesn't apply","Doesn't apply","Doesn't apply","Doesn't apply","Doesn't apply","Doesn't apply","Doesn't apply","Doesn't apply",1,0,1,1,2,2,1,0,1,1,1,0,0,0,1,1,0,1,0,2,"2-4 times a month","1 or 2","Never","Never","Never","Never","Never","Never","No","No",16,2,1,5,3,3,5,2,3,3,3,0,2,1,2
7002,"TC","pa",31,"Female","No","No","No",5,"other","Doesn't apply","Doesn't apply","Part of my job","Doesn't apply","Doesn't apply","Happened to me","Happened to me","Doesn't apply","Doesn't apply","Doesn't apply","Doesn't apply","Doesn't apply","Doesn't apply","Witnessed it","Doesn't apply","Doesn't apply","Happened to me",1,1,0,1,0,3,3,0,0,3,0,0,1,0,0,0,1,0,1,2,"2-3 times a week","3 or 4","Less than monthly","Never","Never","Never","Never","Never","No","No",17,5,3,3,6,4,4,2,1,6,3,1,0,1,3
7004,"TC","pa",22,"Female","No","No","No",5,"working","Doesn't apply","Doesn't apply","Witnessed it,Learned about it","Doesn't apply","Not sure","Happened to me","Happened to me","Not sure","Not sure","Doesn't apply","Not sure","Learned about it","Not sure","Doesn't apply","Doesn't apply","Doesn't apply","Doesn't apply",0,0,0,1,1,0,2,1,0,0,3,0,1,0,0,0,1,0,0,0,"Never","0","Never","Never","Never","Never","Never","Never","No","No",10,0,2,2,2,5,1,0,2,2,4,1,0,1,0
7005,"TC","pa",34,"Male","No","No","No",7,"school","Doesn't apply","Witnessed it","Happened to me","Learned about it","Doesn't apply","Doesn't apply","Doesn't apply","Doesn't apply","Doesn't apply","Doesn't apply","Doesn't apply","Doesn't apply","Happened to me","Happened to me","Doesn't apply","Learned about it","Happened to me",0,0,0,2,0,0,2,0,2,1,0,0,1,0,0,0,0,0,0,0,"2-4 times a month","3 or 4","Weekly","Never","Never","Never","Never","Never","No","No",8,6,4,2,2,4,0,0,2,2,3,1,0,0,0
7006,"TC","pa",22,"Female","No","No","No",5,"school","Witnessed it","Doesn't apply","Happened to me","Doesn't apply","Doesn't apply","Doesn't apply","Doesn't apply","Happened to me,Doesn't apply","Happened to me","Doesn't apply","Doesn't apply","Doesn't apply","Doesn't apply","Doesn't apply","Doesn't apply","Doesn't apply","Happened to me",0,0,0,3,1,2,0,2,3,3,2,2,1,2,0,0,0,0,2,1,"2-4 times a month","1 or 2","Never","Never","Never","Never","Never","Never","No","No",24,2,4,4,2,15,3,0,4,2,10,5,0,0,3
7008,"TC","pa",22,"Female","No","No","No",6,"working","Doesn't apply","Doesn't apply","Doesn't apply","Doesn't apply","Doesn't apply","Learned about it","Doesn't apply","Learned about it","Happened to me","Doesn't apply","Doesn't apply","Learned about it","Doesn't apply","Doesn't apply","Witnessed it","Learned about it","Learned about it",0,0,0,0,0,1,1,0,0,0,2,0,0,1,0,0,0,0,0,2,"2-4 times a month","3 or 4","Never","Never","Never","Never","Less than monthly","Never","No","No",7,4,1,0,2,3,2,0,0,2,2,1,0,0,2
7009,"TC","pa",23,"Female","No","No","No",5,"school","Doesn't apply","Doesn't apply","Happened to me","Learned about it","Doesn't apply","Doesn't apply","Doesn't apply","Doesn't apply","Happened to me","Doesn't apply","Doesn't apply","Doesn't apply","Doesn't apply","Doesn't apply","Doesn't apply","Doesn't apply","Doesn't apply",1,0,0,2,1,1,0,2,1,2,0,0,0,0,0,0,1,0,0,1,"Monthly or less","1 or 2","Never","Never","Never","Never","Never","Never","No","No",12,1,2,4,1,5,2,1,3,1,5,0,0,1,1
7010,"TC","pa",27,"Female","No","No","No",3,"unemployed or retired","Learned about it","Learned about it","Happened to me,Learned about it","Doesn't apply","Doesn't apply","Learned about it","Doesn't apply","Happened to me,Learned about it","Happened to me,Learned about it","Doesn't apply","Doesn't apply","Witnessed it,Learned about it","Doesn't apply","Learned about it","Learned about it","Doesn't apply","Happened to me",0,0,0,0,0,0,0,0,0,0,0,1,0,0,0,0,0,0,0,1,"Monthly or less","1 or 2","Never","Never","Never","Never","Never","Never","No","No",2,1,4,0,0,1,1,0,0,0,0,1,0,0,1
7012,"TC","pa",22,"Female","No","No","Yes",5,"working","Witnessed it","Doesn't apply","Happened to me","Doesn't apply","Doesn't apply","Learned about it","Learned about it","Happened to me","Learned about it","Doesn't apply","Doesn't apply","Witnessed it,Learned about it","Doesn't apply","Learned about it","Learned about it","Doesn't apply","Doesn't apply",1,0,0,2,1,3,4,2,0,1,0,0,0,0,0,0,0,0,0,0,"2-4 times a month","3 or 4","Monthly","Never","Never","Never","Never","Never","No","No",14,5,2,4,7,3,0,1,3,7,3,0,0,0,0
7013,"TC","pa",23,"Female","No","No","No",5,"working","Happened to me","Learned about it","Happened to me","Learned about it","Doesn't apply","Doesn't apply","Learned about it","Learned about it","Learned about it","Learned about it","Doesn't apply","Witnessed it","Doesn't apply","Learned about it","Learned about it","Doesn't apply","Doesn't apply",2,0,0,2,2,2,2,0,0,0,0,0,0,0,0,0,0,0,0,1,"2-4 times a month","1 or 2","Never","Never","Never","Never","Never","Never","No","No",11,2,2,6,4,0,1,2,4,4,0,0,0,0,1
7015,"TC","pa",30,"Male","No","No","No",7,"school","Witnessed it","Witnessed it","Witnessed it","Witnessed it","Learned about it","Doesn't apply","Doesn't apply","Doesn't apply","Doesn't apply","Doesn't apply","Doesn't apply","Doesn't apply","Not sure","Learned about it","Witnessed it","Witnessed it","Witnessed it",3,3,3,3,2,3,2,2,2,2,1,2,3,3,2,1,2,1,3,3,"Monthly or less","3 or 4","Less than monthly","Never","Never","Never","Never","Less than monthly","No","Yes, but not in the last year",46,6,0,14,5,15,12,9,5,5,7,8,3,3,6
7016,"TC","pa",18,"Female","No","No","No",3,"school","Happened to me","Doesn't apply","Doesn't apply","Doesn't apply","Doesn't apply","Doesn't apply","Doesn't apply","Happened to me,Witnessed it","Doesn't apply","Doesn't apply","Doesn't apply","Doesn't apply","Doesn't apply","Doesn't apply","Doesn't apply","Doesn't apply","Doesn't apply",0,0,0,0,2,0,0,0,0,0,1,0,0,0,0,0,1,0,0,0,"2-4 times a month","3 or 4","Less than monthly","Never","Never","Never","Never","Never","No","No",4,4,2,2,0,1,1,0,2,0,1,0,0,1,0
7017,"TC","pa",44,"Male","No","No","No",6,"working","Happened to me","Witnessed it","Happened to me","Happened to me","Part of my job","Happened to me","Happened to me","Learned about it","Happened to me","Learned about it","Learned about it","Witnessed it","Witnessed it","Witnessed it","Witnessed it","Doesn't apply","Happened to me",1,0,0,0,0,2,1,1,1,2,1,1,1,2,0,0,1,0,1,1,"Never","0","Never","Never","Never","Never","Never","Never","No","No",16,0,7,1,3,9,3,1,0,3,5,4,0,1,2
7018,"TC","pa",35,"Female","No","No","No",6,"working","Witnessed it","Learned about it","Happened to me,Witnessed it","Doesn't apply","Doesn't apply","Learned about it","Doesn't apply","Happened to me","Happened to me","Doesn't apply","Doesn't apply","Doesn't apply","Doesn't apply","Learned about it","Doesn't apply","Doesn't apply","Happened to me",0,0,0,0,0,0,0,0,0,0,0,0,0,0,0,0,2,1,1,1,"Monthly or less","1 or 2","Never","Never","Never","Never","Never","Never","No","No",5,1,4,0,0,0,5,0,0,0,0,0,0,3,2
7020,"TC","pa",31,"Female","No","No","No",4,"working","Happened to me","Learned about it","Happened to me,Learned about it","Happened to me,Learned about it","Doesn't apply","Happened to me,Witnessed it","Learned about it","Happened to me,Learned about it","Learned about it","Learned about it","Doesn't apply","Doesn't apply","Doesn't apply","Learned about it","Doesn't apply","Doesn't apply","Happened to me",0,0,0,1,0,0,0,0,3,1,0,1,1,1,0,0,2,0,0,3,"Monthly or less","1 or 2","Less than monthly","Never","Never","Never","Never","Never","No","No",13,2,6,1,0,7,5,0,1,0,4,3,0,2,3
7021,"TC","pa",28,"Male","No","No","No",3,"working","Not sure","Happened to me","Happened to me","Not sure","Doesn't apply","Witnessed it","Doesn't apply","Happened to me","Happened to me","Doesn't apply","Doesn't apply","Learned about it","Learned about it","Doesn't apply","Doesn't apply","Doesn't apply","Doesn't apply",1,0,0,0,0,1,1,0,1,0,1,0,0,0,0,0,0,0,0,0,"Never","0","Never","Never","Never","Never","Never","Never","No","No",5,0,4,1,2,2,0,1,0,2,2,0,0,0,0
7022,"TC","pa",34,"Female","No","Yes","No",5,"school","Doesn't apply","Doesn't apply","Happened to me","Happened to me","Doesn't apply","Happened to me","Doesn't apply","Doesn't apply","Doesn't apply","Doesn't apply","Doesn't apply","Doesn't apply","Doesn't apply","Doesn't apply","Doesn't apply","Doesn't apply","Doesn't apply",1,0,0,2,0,1,0,0,0,1,0,0,0,0,0,0,0,0,1,1,"Monthly or less","1 or 2","Never","Never","Never","Never","Never","Never","Yes, but not in the last year","No",7,3,3,3,1,1,2,1,2,1,1,0,0,0,2
7025,"TC","pa",30,"Male","No","No","No",7,"unemployed or retired","Happened to me,Witnessed it,Learned about it","Happened to me,Witnessed it,Learned about it","Happened to me,Witnessed it,Learned about it","Happened to me,Witnessed it,Learned about it","Witnessed it,Learned about it","Happened to me,Witnessed it,Learned about it","Witnessed it,Learned about it","Witnessed it,Learned about it","Happened to me,Witnessed it,Learned about it","Learned about it","Witnessed it,Learned about it","Witnessed it,Learned about it","Learned about it","Learned about it","Learned about it","Doesn't apply","Happened to me,Witnessed it,Learned about it",1,1,1,3,1,3,3,1,2,2,2,0,1,0,1,0,1,0,1,3,"Monthly or less","1 or 2","Less than monthly","Never","Never","Never","Less than monthly","Less than monthly","Yes, but not in the last year","No",27,6,7,7,6,8,6,3,4,6,7,1,1,1,4
7026,"TC","pa",24,"Female","No","No","No",5,"working","Witnessed it","Doesn't apply","Doesn't apply","Doesn't apply","Doesn't apply","Doesn't apply","Doesn't apply","Happened to me","Happened to me","Doesn't apply","Doesn't apply","Doesn't apply","Doesn't apply","Doesn't apply","Doesn't apply","Doesn't apply","Doesn't apply",0,2,0,1,1,0,0,0,2,2,1,0,0,0,1,0,0,0,1,0,"Monthly or less","1 or 2","Never","Never","Never","Never","Less than monthly","Never","No","No",11,2,2,4,0,5,2,2,2,0,5,0,1,0,1
7027,"TC","pa",23,"Female","No","No","No",7,"working","Happened to me,Learned about it,Part of my job","Witnessed it,Learned about it","Happened to me,Witnessed it,Learned about it","Happened to me,Learned about it","Part of my job","Happened to me,Witnessed it,Learned about it,Part of my job","Witnessed it,Learned about it,Part of my job","Learned about it,Part of my job","Happened to me,Learned about it,Part of my job","Learned about it","Doesn't apply","Learned about it","Doesn't apply","Doesn't apply","Doesn't apply","Doesn't apply","Happened to me,Witnessed it",1,0,1,1,1,1,1,1,0,0,0,0,1,0,2,1,1,0,2,1,"2-4 times a month","3 or 4","Monthly","Monthly","Less than monthly","Never","Less than monthly","Monthly","No","No",15,11,6,4,2,2,7,2,2,2,1,1,3,1,3
7028,"TC","pa",32,"Female","No","No","No",7,"working","Doesn't apply","Learned about it","Happened to me","Learned about it","Doesn't apply","Happened to me","Learned about it","Happened to me,Learned about it","Happened to me,Learned about it","Doesn't apply","Doesn't apply","Learned about it","Doesn't apply","Learned about it","Doesn't apply","Doesn't apply","Witnessed it,Learned about it",0,0,0,0,0,0,0,0,0,0,0,0,0,0,0,0,0,0,0,0,"4 or more times a week","3 or 4","Monthly","Monthly","Monthly","Never","Weekly","Monthly","Yes, but not in the last year","Yes, during the last year",0,22,4,0,0,0,0,0,0,0,0,0,0,0,0
7029,"TC","pa",22,"Male","No","No","No",5,"working","Happened to me,Witnessed it,Learned about it","Doesn't apply","Happened to me,Witnessed it,Learned about it","Doesn't apply","Doesn't apply","Happened to me,Learned about it","Doesn't apply","Learned about it","Doesn't apply","Doesn't apply","Doesn't apply","Doesn't apply","Doesn't apply","Doesn't apply","Learned about it","Doesn't apply","Happened to me",3,0,0,1,1,2,2,3,1,0,1,0,0,0,0,0,2,2,3,0,"Never","0","Never","Never","Never","Never","Never","Never","No","No",21,0,4,5,4,5,7,3,2,4,5,0,0,4,3
7035,"TC","pa",37,"Female","No","No","No",5,"unemployed or retired","Happened to me,Witnessed it","Witnessed it","Happened to me","Happened to me","Learned about it","Happened to me","Witnessed it","Doesn't apply","Doesn't apply","Happened to me","Doesn't apply","Witnessed it","Learned about it","Witnessed it","Happened to me,Witnessed it","Doesn't apply","Happened to me",1,1,2,2,1,1,2,1,2,2,2,2,3,2,2,0,3,2,3,1,"2-4 times a month","5 or 6","Less than monthly","Monthly","Never","Never","Monthly","Never","No","No",35,9,7,7,3,14,11,4,3,3,7,7,2,5,4
7037,"TC","pa",36,"Female","No","No","No",7,"working","Happened to me,Witnessed it","Doesn't apply","Witnessed it","Happened to me","Happened to me","Happened to me","Doesn't apply","Happened to me,Learned about it","Happened to me","Doesn't apply","Doesn't apply","Learned about it","Doesn't apply","Learned about it","Learned about it","Doesn't apply","Happened to me,Witnessed it",2,1,0,2,0,1,2,0,0,0,0,0,0,0,0,0,0,1,1,1,"2-3 times a week","1 or 2","Never","Never","Never","Never","Never","Never","No","Yes, but not in the last year",11,5,7,5,3,0,3,3,2,3,0,0,0,1,2
7040,"TC","pa",28,"Female","No","No","No",5,"working","Learned about it","Learned about it","Happened to me,Witnessed it,Learned about it","Doesn't apply","Doesn't apply","Witnessed it,Learned about it","Happened to me,Witnessed it,Learned about it","Learned about it","Happened to me","Doesn't apply","Learned about it","Learned about it","Doesn't apply","Learned about it","Learned about it","Doesn't apply","Not sure",1,0,0,1,0,0,0,0,0,1,0,0,0,0,0,0,0,0,0,0,"Monthly or less","1 or 2","Never","Never","Never","Never","Never","Never","No","No",3,1,3,2,0,1,0,1,1,0,1,0,0,0,0
7041,"TC","pa",26,"Male","No","No","No",5,"school","Doesn't apply","Doesn't apply","Doesn't apply","Doesn't apply","Doesn't apply","Happened to me,Witnessed it,Learned about it","Learned about it","Not sure","Doesn't apply","Doesn't apply","Doesn't apply","Learned about it","Doesn't apply","Doesn't apply","Doesn't apply","Doesn't apply","Doesn't apply",0,1,1,0,0,0,0,0,0,0,0,0,0,0,0,0,0,0,0,0,"Monthly or less","1 or 2","Never","Never","Never","Never","Never","Never","No","No",2,1,1,2,0,0,0,2,0,0,0,0,0,0,0
7042,"TC","pa",28,"Male","No","No","Yes",7,"working","Doesn't apply","Doesn't apply","Doesn't apply","Doesn't apply","Doesn't apply","Doesn't apply","Doesn't apply","Doesn't apply","Doesn't apply","Doesn't apply","Doesn't apply","Doesn't apply","Doesn't apply","Doesn't apply","Witnessed it","Witnessed it","Doesn't apply",1,1,0,3,3,4,4,3,4,3,4,1,3,3,1,0,4,3,0,0,"2-4 times a month","1 or 2","Never","Never","Never","Never","Less than monthly","Never","No","No",45,3,0,8,8,21,8,2,6,8,14,7,1,7,0
7043,"TC","pa",37,"Male","No","No","No",7,"working","Doesn't apply","Doesn't apply","Witnessed it,Learned about it","Learned about it","Doesn't apply","Doesn't apply","Doesn't apply","Doesn't apply","Doesn't apply","Doesn't apply","Doesn't apply","Learned about it","Doesn't apply","Doesn't apply","Doesn't apply","Doesn't apply","Happened to me,Witnessed it,Learned about it",0,0,0,0,0,0,0,0,0,0,0,1,2,1,0,0,0,1,2,1,"2-3 times a week","3 or 4","Less than monthly","Never","Never","Never","Less than monthly","Never","Yes, but not in the last year","Yes, but not in the last year",8,10,1,0,0,4,4,0,0,0,0,4,0,1,3
7045,"TC","pc",28,"Female","No","No","No",7,"other","Doesn't apply","Doesn't apply","Happened to me","Doesn't apply","Doesn't apply","Doesn't apply","Learned about it","Happened to me","Happened to me","Doesn't apply","Doesn't apply","Doesn't apply","Doesn't apply","Doesn't apply","Doesn't apply","Doesn't apply","Doesn't apply",1,0,0,1,0,0,1,0,1,0,0,0,0,0,1,0,0,0,0,0,"Monthly or less","1 or 2","Never","Never","Never","Never","Never","Never","No","No",5,1,3,2,1,1,1,1,1,1,1,0,1,0,0
7046,"TC","pc",27,"Male","No","No","No",6,"school","Happened to me","Doesn't apply","Learned about it","Witnessed it","Doesn't apply","Happened to me","Learned about it","Doesn't apply","Happened to me,Learned about it","Doesn't apply","Doesn't apply","Learned about it","Doesn't apply","Doesn't apply","Doesn't apply","Doesn't apply","Happened to me",0,0,0,0,0,0,0,0,0,0,0,0,1,0,0,0,0,0,1,1,"2-3 times a week","1 or 2","Less than monthly","Never","Never","Never","Never","Never","No","No",3,4,4,0,0,1,2,0,0,0,0,1,0,0,2
7049,"TC","pc",41,"Female","No","No","No",7,"working","Happened to me","Doesn't apply","Happened to me","Learned about it","Doesn't apply","Happened to me","Doesn't apply","Doesn't apply","Doesn't apply","Doesn't apply","Happened to me","Doesn't apply","Doesn't apply","Doesn't apply","Doesn't apply","Happened to me","Happened to me",3,2,0,1,1,2,2,1,0,1,0,0,0,0,0,0,0,0,0,0,"Monthly or less","1 or 2","Never","Never","Never","Never","Never","Never","No","No",13,1,6,7,4,2,0,5,2,4,2,0,0,0,0
7050,"TC","pc",35,"Male","No","No","No",7,"working","Learned about it","Learned about it","Happened to me","Doesn't apply","Happened to me,Part of my job","Happened to me","Happened to me","Doesn't apply","Doesn't apply","Doesn't apply","Doesn't apply","Witnessed it","Doesn't apply","Doesn't apply","Doesn't apply","Doesn't apply","Doesn't apply",0,0,0,0,1,0,0,0,0,0,0,0,0,0,0,0,0,0,0,0,"Monthly or less","3 or 4","Less than monthly","Never","Never","Never","Never","Never","No","Yes, but not in the last year",1,5,4,1,0,0,0,0,1,0,0,0,0,0,0
7051,"TC","pc",57,"Male","No","No","No",7,"working","Happened to me,Witnessed it","Learned about it","Happened to me","Happened to me","Doesn't apply","Doesn't apply","Doesn't apply","Doesn't apply","Doesn't apply","Doesn't apply","Doesn't apply","Doesn't apply","Doesn't apply","Doesn't apply","Doesn't apply","Doesn't apply","Happened to me",1,0,0,1,0,1,1,1,2,2,2,2,2,2,1,0,0,0,0,0,"4 or more times a week","1 or 2","Less than monthly","Never","Never","Never","Less than monthly","Never","No","Yes, but not in the last year",18,8,4,2,2,13,1,1,1,2,7,6,1,0,0
7052,"TC","pc",30,"Female","No","No","No",5,"other","Witnessed it","Witnessed it","Doesn't apply","Witnessed it","Doesn't apply","Happened to me","Happened to me","Happened to me","Happened to me","Happened to me","Doesn't apply","Happened to me","Witnessed it","Witnessed it","Doesn't apply","Witnessed it","Happened to me",2,2,1,2,1,2,3,0,0,1,1,0,0,0,0,1,1,0,1,1,"Never","0","Never","Never","Never","Never","Never","Never","Yes, but not in the last year","Yes, but not in the last year",19,4,7,8,5,2,4,5,3,5,2,0,1,1,2
7053,"TC","pc",30,"Female","No","No","Yes",5,"working","Witnessed it","Witnessed it,Part of my job","Witnessed it,Part of my job","Witnessed it","Doesn't apply","Happened to me,Witnessed it,Part of my job","Learned about it,Part of my job,Doesn't apply","Learned about it,Doesn't apply","Happened to me,Learned about it","Doesn't apply","Doesn't apply","Witnessed it,Learned about it,Part of my job","Witnessed it,Learned about it,Part of my job","Learned about it","Witnessed it,Learned about it,Part of my job","Doesn't apply","Happened to me,Witnessed it,Learned about it",1,1,0,2,2,0,0,1,0,1,1,0,1,0,1,0,0,0,1,1,"Monthly or less","1 or 2","Never","Never","Never","Never","Never","Never","No","No",13,1,3,6,0,4,3,2,4,0,3,1,1,0,2
8001,"PTSD","pa",43,"Male","No","No","Yes",5,"working","Happened to me","Happened to me","Happened to me","Happened to me","Learned about it","Happened to me","Happened to me","Doesn't apply","Doesn't apply","Happened to me","Doesn't apply","Witnessed it","Witnessed it","Learned about it","Learned about it","Happened to me","Happened to me",3,3,2,3,1,3,3,3,3,3,3,3,3,2,1,2,3,2,3,3,"Monthly or less","3 or 4","Less than monthly","Never","Less than monthly","Never","Never","Never","No","No",52,4,9,12,6,20,14,8,4,6,12,8,3,5,6
8002,"PTSD","pa",57,"Female","No","No","No",3,"working","Happened to me,Learned about it","Happened to me","Happened to me,Witnessed it,Learned about it","Not sure","Not sure","Happened to me,Learned about it","Learned about it","Not sure","Happened to me","Not sure","Learned about it","Witnessed it,Learned about it","Learned about it","Learned about it","Not sure","Learned about it","Not sure",2,1,1,1,2,2,1,1,2,2,2,2,2,1,1,0,2,1,2,2,"2-3 times a week","1 or 2","Never","Never","Never","Never","Never","Never","No","No",30,3,5,7,3,12,8,4,3,3,7,5,1,3,4
8003,"PTSD","pa",35,"Female","No","No","No",2,"unemployed or retired","Doesn't apply","Doesn't apply","Happened to me","Doesn't apply","Doesn't apply","Happened to me","Doesn't apply","Learned about it","Happened to me","Doesn't apply","Doesn't apply","Happened to me","Happened to me","Learned about it","Happened to me","Happened to me","Happened to me",2,1,1,3,3,4,3,2,4,3,2,2,4,3,2,2,2,2,4,3,"2-4 times a month","3 or 4","Never","Never","Never","Never","Never","Never","Yes, but not in the last year","Yes, but not in the last year",52,7,8,10,7,20,15,4,6,7,11,9,4,4,7
8005,"PTSD","pa",19,"Female","No","No","No",3,"school","Happened to me","Witnessed it","Happened to me","Witnessed it","Doesn't apply","Doesn't apply","Doesn't apply","Doesn't apply","Witnessed it","Doesn't apply","Doesn't apply","Witnessed it","Doesn't apply","Doesn't apply","Doesn't apply","Doesn't apply","Doesn't apply",2,2,1,1,2,3,3,1,0,1,1,0,1,1,0,1,2,2,1,2,"2-3 times a week","3 or 4","Never","Never","Never","Never","Never","Never","No","No",27,4,2,8,6,5,8,5,3,6,3,2,1,4,3
8006,"PTSD","pa",22,"Female","No","No","No",5,"school","Learned about it","Part of my job","Part of my job","Part of my job","Learned about it","Learned about it","Learned about it","Part of my job","Part of my job","Learned about it","Learned about it","Learned about it","Learned about it","Learned about it","Learned about it","Learned about it","Doesn't apply",3,3,3,3,3,3,3,1,2,3,3,2,3,2,1,0,1,1,1,2,"Monthly or less","1 or 2","Never","Never","Never","Never","Never","Never","No","No",43,1,0,15,6,16,6,9,6,6,9,7,1,2,3
8009,"PTSD","pa",30,"Male","No","No","No",3,"unemployed or retired","Learned about it","Learned about it","Learned about it","Witnessed it,Learned about it","Learned about it","Happened to me,Witnessed it,Learned about it","Happened to me,Witnessed it,Learned about it","Learned about it","Learned about it","Learned about it","Learned about it","Learned about it","Learned about it","Learned about it","Witnessed it,Learned about it","Witnessed it,Learned about it","Happened to me,Learned about it",4,4,4,4,4,4,4,0,4,4,4,4,4,4,4,4,4,4,4,4,"4 or more times a week","5 or 6","Weekly","Daily or almost daily","Daily or almost daily","Daily or almost daily","Never","Daily or almost daily","Yes, during the last year","Yes, during the last year",76,33,3,20,8,24,24,12,8,8,12,12,8,8,8
8011,"PTSD","pa",24,"Female","No","No","No",6,"school","Happened to me","Learned about it","Happened to me","Witnessed it","Part of my job","Happened to me","Learned about it","Happened to me","Happened to me","Not sure","Not sure","Learned about it","Not sure","Learned about it","Learned about it","Not sure","Happened to me",2,0,1,4,0,4,4,0,1,4,4,0,2,1,0,0,4,0,1,0,"2-4 times a month","3 or 4","Monthly","Less than monthly","Never","Never","Never","Less than monthly","No","No",32,7,6,7,8,12,5,3,4,8,9,3,0,4,1
8012,"PTSD","pa",37,"Female","No","No","No",7,"working","Doesn't apply","Doesn't apply","Doesn't apply","Doesn't apply","Doesn't apply","Doesn't apply","Doesn't apply","Happened to me","Happened to me","Doesn't apply","Doesn't apply","Doesn't apply","Doesn't apply","Doesn't apply","Doesn't apply","Doesn't apply","Doesn't apply",2,3,2,2,3,3,0,2,3,2,2,1,1,0,3,0,1,1,2,4,"Never","0","Never","Never","Never","Never","Never","Never","Yes, but not in the last year","Yes, but not in the last year",37,4,2,12,3,11,11,7,5,3,9,2,3,2,6
8013,"PTSD","pa",28,"Female","No","Prefer not to answer","Yes",6,"school","Happened to me","Witnessed it","Happened to me","Learned about it","Doesn't apply","Doesn't apply","Doesn't apply","Doesn't apply","Happened to me","Doesn't apply","Doesn't apply","Doesn't apply","Happened to me","Doesn't apply","Doesn't apply","Doesn't apply","Happened to me",4,4,3,4,4,4,4,4,4,3,3,2,3,3,1,0,4,4,4,4,"Monthly or less","3 or 4","Less than monthly","Never","Never","Never","Less than monthly","Never","No","No",66,4,5,19,8,22,17,11,8,8,14,8,1,8,8
8014,"PTSD","pa",31,"Male","No","No","Yes",3,"unemployed or retired","Doesn't apply","Doesn't apply","Happened to me","Not sure","Not sure","Happened to me","Learned about it,Doesn't apply","Happened to me,Learned about it","Happened to me,Learned about it","Doesn't apply","Doesn't apply","Happened to me","Happened to me","Doesn't apply","Doesn't apply","Doesn't apply","Happened to me,Witnessed it",4,1,2,3,2,4,4,3,4,4,4,3,4,3,4,4,4,0,4,1,"2-4 times a month","3 or 4","Less than monthly","Never","Never","Never","Never","Less than monthly","Yes, but not in the last year","No",62,7,7,12,8,25,17,7,5,8,15,10,8,4,5
8015,"PTSD","pa",31,"Prefer not to answer","No","No","Prefer not to answer",3,"unemployed or retired","Learned about it","Witnessed it,Learned about it","Happened to me,Witnessed it,Learned about it","Witnessed it,Learned about it","Doesn't apply","Happened to me,Witnessed it,Learned about it,Part of my job","Happened to me,Witnessed it,Learned about it,Part of my job","Happened to me,Witnessed it,Learned about it,Part of my job","Happened to me,Witnessed it,Learned about it,Part of my job","Learned about it","Learned about it","Witnessed it,Learned about it,Part of my job","Happened to me,Witnessed it,Learned about it,Part of my job","Witnessed it,Learned about it,Part of my job","Learned about it,Part of my job","Happened to me,Witnessed it,Learned about it,Part of my job","Happened to me,Witnessed it,Learned about it,Part of my job",4,0,3,4,4,4,4,2,4,4,4,3,4,4,4,0,4,2,2,4,"2-4 times a month","3 or 4","Never","Never","Never","Never","Daily or almost daily","Never","Yes, but not in the last year","Yes, during the last year",64,13,8,15,8,25,16,7,8,8,14,11,4,6,6
8017,"PTSD","pa",27,"Female","No","No","Yes",7,"working","Doesn't apply","Doesn't apply","Doesn't apply","Doesn't apply","Doesn't apply","Doesn't apply","Doesn't apply","Doesn't apply","Happened to me","Doesn't apply","Doesn't apply","Happened to me,Witnessed it","Happened to me","Doesn't apply","Doesn't apply","Doesn't apply","Happened to me",0,1,0,3,1,3,3,0,3,0,3,2,3,2,1,1,2,0,2,3,"2-4 times a month","3 or 4","Monthly","Never","Never","Never","Never","Less than monthly","No","No",33,6,4,5,6,13,9,1,4,6,6,7,2,2,5
8019,"PTSD","pa",41,"Female","No","No","Yes",5,"working","Doesn't apply","Part of my job","Witnessed it,Part of my job","Learned about it,Part of my job","Doesn't apply","Witnessed it,Part of my job","Part of my job","Happened to me,Learned about it,Part of my job","Happened to me,Learned about it","Learned about it","Doesn't apply","Part of my job","Doesn't apply","Part of my job","Part of my job","Part of my job","Doesn't apply",1,1,0,1,2,1,3,0,3,2,2,1,3,2,1,1,1,0,2,1,"2-3 times a week","3 or 4","Less than monthly","Monthly","Less than monthly","Never","Less than monthly","Monthly","No","No",28,11,2,5,4,13,6,2,3,4,7,6,2,1,3
8020,"PTSD","pa",34,"Male","Yes","No","No",3,"unemployed or retired","Learned about it","Witnessed it","Happened to me","Happened to me","Happened to me","Doesn't apply","Doesn't apply","Doesn't apply","Doesn't apply","Doesn't apply","Doesn't apply","Witnessed it","Witnessed it","Doesn't apply","Doesn't apply","Doesn't apply","Happened to me",4,4,3,4,4,4,1,2,3,4,2,3,3,1,3,0,2,2,3,4,"2-4 times a month","7, 8, or 9","Monthly","Monthly","Never","Never","Never","Never","No","No",56,9,4,19,5,18,14,11,8,5,11,7,3,4,7
8022,"PTSD","pa",29,"Male","No","No","Yes",5,"working","Learned about it","Happened to me,Witnessed it","Happened to me","Witnessed it","Doesn't apply","Happened to me,Witnessed it,Learned about it","Happened to me,Witnessed it,Learned about it","Happened to me,Witnessed it,Learned about it","Happened to me,Witnessed it,Learned about it","Learned about it","Happened to me,Witnessed it,Learned about it","Doesn't apply","Happened to me,Witnessed it,Learned about it","Witnessed it,Learned about it","Doesn't apply","Doesn't apply","Happened to me",4,3,1,3,3,4,4,3,4,4,3,2,2,3,1,0,1,2,2,4,"2-4 times a month","1 or 2","Less than monthly","Never","Never","Never","Never","Never","No","No",53,3,9,14,8,21,10,8,6,8,14,7,1,3,6
8024,"PTSD","pa",44,"Female","No","No","Yes",6,"other","Happened to me","Learned about it","Learned about it","Happened to me","Doesn't apply","Witnessed it,Learned about it","Learned about it","Happened to me,Learned about it","Happened to me,Learned about it","Doesn't apply","Doesn't apply","Witnessed it,Learned about it","Witnessed it,Learned about it","Learned about it","Learned about it","Doesn't apply","Happened to me,Witnessed it,Learned about it",3,4,2,3,2,2,2,0,2,3,3,2,2,3,1,0,4,4,4,4,"Monthly or less","1 or 2","Never","Never","Never","Never","Never","Never","No","No",50,1,5,14,4,15,17,9,5,4,8,7,1,8,8
8026,"PTSD","pa",34,"Female","No","No","No",5,"working","Doesn't apply","Happened to me,Witnessed it","Learned about it","Witnessed it,Learned about it","Doesn't apply","Happened to me","Happened to me,Witnessed it","Learned about it","Happened to me,Witnessed it","Witnessed it","Doesn't apply","Learned about it","Doesn't apply","Witnessed it,Learned about it","Learned about it","Doesn't apply","Happened to me,Witnessed it",2,2,0,2,1,2,0,0,0,3,3,1,0,1,3,0,0,0,0,2,"Monthly or less","1 or 2","Never","Never","Never","Never","Never","Never","No","No",22,1,5,7,2,8,5,4,3,2,6,2,3,0,2
8027,"PTSD","pa",23,"Female","No","No","No",6,"school","Learned about it","Learned about it","Happened to me,Witnessed it","Witnessed it,Learned about it","Learned about it","Happened to me,Witnessed it,Learned about it","Witnessed it,Learned about it","Learned about it","Doesn't apply","Doesn't apply","Doesn't apply","Witnessed it,Learned about it","Doesn't apply","Witnessed it,Learned about it","Doesn't apply","Doesn't apply","Happened to me,Witnessed it,Learned about it",4,4,3,4,4,4,4,2,2,3,3,1,2,3,2,0,4,2,3,4,"Monthly or less","1 or 2","Never","Never","Never","Never","Never","Never","No","No",58,1,3,19,8,16,15,11,8,8,10,6,2,6,7
8028,"PTSD","pa",33,"Female","No","No","Yes",7,"working","Learned about it","Learned about it","Happened to me","Learned about it,Doesn't apply","Doesn't apply","Learned about it","Learned about it","Happened to me","Happened to me","Learned about it","Doesn't apply","Witnessed it","Doesn't apply","Doesn't apply","Doesn't apply","Doesn't apply","Happened to me",3,3,3,3,3,3,2,2,2,3,3,1,1,0,2,2,3,3,2,2,"Monthly or less","1 or 2","Never","Never","Never","Never","Never","Less than monthly","No","No",46,2,4,15,5,12,14,9,6,5,10,2,4,6,4
8029,"PTSD","pa",26,"Female","No","No","No",5,"school","Learned about it","Witnessed it","Witnessed it","Learned about it","Not sure","Witnessed it","Happened to me","Learned about it","Happened to me","Happened to me","Part of my job","Witnessed it","Happened to me","Happened to me","Witnessed it","Doesn't apply","Happened to me",3,0,0,3,1,2,3,4,2,4,3,2,1,4,1,3,1,2,4,4,"2-3 times a week","3 or 4","Monthly","Never","Never","Never","Less than monthly","Less than monthly","No","No",47,8,6,7,5,20,15,3,4,5,13,7,4,3,8
8030,"PTSD","pa",22,"Female","No","No","Yes",1,"school","Doesn't apply","Doesn't apply","Doesn't apply","Doesn't apply","Doesn't apply","Doesn't apply","Doesn't apply","Happened to me,Learned about it","Happened to me,Learned about it","Doesn't apply","Doesn't apply","Doesn't apply","Doesn't apply","Doesn't apply","Doesn't apply","Doesn't apply","Doesn't apply",4,3,2,4,4,3,4,4,4,3,4,3,4,4,1,0,1,2,4,2,"2-4 times a month","3 or 4","Less than monthly","Never","Less than monthly","Never","Less than monthly","Less than monthly","No","No",60,7,2,17,7,26,10,9,8,7,15,11,1,3,6
8031,"PTSD","pa",23,"Female","No","No","No",5,"unemployed or retired","Doesn't apply","Doesn't apply","Happened to me","Doesn't apply","Doesn't apply","Happened to me","Happened to me","Happened to me","Happened to me","Doesn't apply","Doesn't apply","Witnessed it","Doesn't apply","Doesn't apply","Doesn't apply","Doesn't apply","Happened to me",4,4,3,4,3,4,4,1,2,4,4,2,3,2,1,1,3,2,4,4,"Monthly or less","5 or 6","Less than monthly","Never","Never","Never","Never","Never","No","No",59,4,6,18,8,18,15,11,7,8,11,7,2,5,8
8032,"PTSD","pa",21,"Female","No","No","No",3,"school","Witnessed it","Doesn't apply","Happened to me","Doesn't apply","Doesn't apply","Happened to me","Doesn't apply","Happened to me","Happened to me","Doesn't apply","Doesn't apply","Doesn't apply","Doesn't apply","Doesn't apply","Learned about it","Learned about it","Not sure",1,0,1,3,1,3,3,3,2,2,2,0,1,1,1,0,4,3,3,2,"2-4 times a month","3 or 4","Less than monthly","Never","Never","Never","Never","Never","No","No",36,4,4,6,6,11,13,2,4,6,9,2,1,7,5
8033,"PTSD","pc",23,"Female","No","No","No",5,"working","Doesn't apply","Doesn't apply","Happened to me","Doesn't apply","Doesn't apply","Witnessed it","Learned about it","Happened to me,Learned about it","Happened to me,Witnessed it,Learned about it","Learned about it","Doesn't apply","Doesn't apply","Witnessed it","Learned about it","Learned about it","Witnessed it","Happened to me,Not sure",3,3,3,3,4,3,3,4,4,3,4,3,4,3,4,0,3,3,3,3,"2-4 times a month","1 or 2","Less than monthly","Never","Never","Never","Never","Never","No","Yes, but not in the last year",63,5,4,16,6,25,16,9,7,6,15,10,4,6,6
8034,"PTSD","pa",24,"Female","No","Prefer not to answer","Yes",6,"school","Doesn't apply","Doesn't apply","Happened to me","Doesn't apply","Doesn't apply","Happened to me","Doesn't apply","Happened to me","Happened to me","Doesn't apply","Doesn't apply","Doesn't apply","Doesn't apply","Doesn't apply","Doesn't apply","Doesn't apply","Happened to me",2,0,1,1,2,3,2,2,2,2,2,1,1,2,1,1,2,3,1,2,"2-3 times a week","1 or 2","Less than monthly","Never","Monthly","Never","Less than monthly","Never","No","Yes, but not in the last year",33,9,5,6,5,12,10,3,3,5,8,4,2,5,3
8035,"PTSD","pa",21,"Female","No","No","No",3,"school","Doesn't apply","Doesn't apply","Learned about it","Doesn't apply","Doesn't apply","Doesn't apply","Doesn't apply","Happened to me","Happened to me","Doesn't apply","Doesn't apply","Learned about it","Doesn't apply","Doesn't apply","Doesn't apply","Doesn't apply","Doesn't apply",4,4,2,3,2,1,1,2,4,3,4,1,1,2,3,3,2,2,2,4,"2-3 times a week","3 or 4","Monthly","Never","Never","Never","Less than monthly","Never","No","No",50,7,2,15,2,17,16,10,5,2,13,4,6,4,6
8037,"PTSD","na",44,"Male","No","No","No",1,"unemployed or retired","Happened to me","Witnessed it","Happened to me,Witnessed it","Not sure","Doesn't apply","Happened to me,Witnessed it","Happened to me","Doesn't apply","Doesn't apply","Doesn't apply","Doesn't apply","Doesn't apply","Doesn't apply","Doesn't apply","Doesn't apply","Doesn't apply","Happened to me",3,4,2,3,4,3,3,3,2,2,4,4,4,4,1,2,1,3,4,2,"2-3 times a week","7, 8, or 9","Weekly","Weekly","Monthly","Monthly","Weekly","Less than monthly","Yes, but not in the last year","Yes, but not in the last year",58,24,5,16,6,23,13,9,7,6,11,12,3,4,6
8038,"PTSD","pa",34,"Male","No","No","No",1,"unemployed or retired","Doesn't apply","Happened to me","Happened to me","Witnessed it","Happened to me","Happened to me","Happened to me","Doesn't apply","Doesn't apply","Happened to me","Witnessed it","Witnessed it","Doesn't apply","Witnessed it","Learned about it","Not sure","Happened to me",4,2,3,2,3,3,3,2,3,3,3,2,4,2,2,2,4,2,3,4,"4 or more times a week","3 or 4","Monthly","Less than monthly","Less than monthly","Less than monthly","Less than monthly","Less than monthly","Yes, during the last year","Yes, during the last year",56,20,7,14,6,19,17,9,5,6,11,8,4,6,7
8039,"PTSD","pc",28,"Male","No","No","No",1,"working","Doesn't apply","Doesn't apply","Happened to me","Witnessed it","Doesn't apply","Happened to me,Witnessed it","Happened to me,Witnessed it","Doesn't apply","Happened to me","Learned about it","Happened to me","Happened to me,Witnessed it","Doesn't apply","Witnessed it","Witnessed it,Doesn't apply","Witnessed it","Happened to me,Witnessed it",3,2,0,4,3,4,4,0,2,2,3,1,1,3,2,3,4,1,3,2,"Monthly or less","1 or 2","Never","Never","Never","Never","Never","Never","No","No",47,1,7,12,8,12,15,5,7,8,7,5,5,5,5
8040,"PTSD","pc",29,"Female","No","No","Yes",7,"working","Happened to me,Witnessed it","Doesn't apply","Doesn't apply","Doesn't apply","Part of my job","Happened to me,Witnessed it,Learned about it","Doesn't apply","Doesn't apply","Doesn't apply","Doesn't apply","Happened to me,Witnessed it,Learned about it","Witnessed it,Learned about it","Doesn't apply","Learned about it","Doesn't apply","Doesn't apply","Happened to me,Witnessed it,Learned about it",2,2,1,2,2,4,4,0,2,3,1,3,4,3,1,0,1,1,1,0,"Monthly or less","1 or 2","Never","Never","Never","Never","Never","Never","No","No",37,1,4,9,8,16,4,5,4,8,6,10,1,2,1
8041,"PTSD","pc",44,"Female","No","No","Yes",7,"working","Doesn't apply","Doesn't apply","Doesn't apply","Doesn't apply","Happened to me","Doesn't apply","Doesn't apply","Happened to me","Learned about it","Doesn't apply","Doesn't apply","Doesn't apply","Happened to me","Doesn't apply","Learned about it","Doesn't apply","Happened to me",4,1,1,3,3,1,2,4,3,3,4,4,4,2,0,0,3,1,2,1,"4 or more times a week","1 or 2","Never","Never","Never","Never","Less than monthly","Never","No","Yes, but not in the last year",46,7,4,12,3,24,7,6,6,3,14,10,0,4,3
8043,"PTSD","pc",19,"Female","No","No","Yes",3,"school","Doesn't apply","Doesn't apply","Happened to me","Part of my job","Doesn't apply","Happened to me","Happened to me,Part of my job","Happened to me,Witnessed it,Learned about it","Happened to me,Learned about it","Doesn't apply","Happened to me","Learned about it","Witnessed it,Learned about it","Learned about it","Doesn't apply","Doesn't apply","Happened to me,Part of my job",4,2,3,3,4,4,2,3,3,2,2,2,2,3,0,0,3,3,3,3,"Monthly or less","1 or 2","Less than monthly","Never","Never","Never","Never","Never","No","No",51,2,7,16,6,17,12,9,7,6,10,7,0,6,6
8044,"PTSD","pc",60,"Male","No","No","No",3,"unemployed or retired","Happened to me","Happened to me","Happened to me","Happened to me","Happened to me","Happened to me","Happened to me","Part of my job","Part of my job","Happened to me","Witnessed it","Witnessed it","Witnessed it","Witnessed it","Witnessed it","Happened to me","Happened to me",4,3,3,3,2,4,4,2,3,2,3,4,3,2,2,2,4,3,4,4,"4 or more times a week","3 or 4","Weekly","Monthly","Never","Never","Weekly","Less than monthly","Yes, but not in the last year","Yes, during the last year",61,20,10,15,8,19,19,10,5,8,10,9,4,7,8
8045,"PTSD","pc",38,"Female","No","No","Yes",5,"school","Doesn't apply","Doesn't apply","Happened to me","Doesn't apply","Doesn't apply","Happened to me","Doesn't apply","Doesn't apply","Happened to me,Witnessed it,Learned about it,Doesn't apply","Doesn't apply","Doesn't apply","Witnessed it","Doesn't apply","Doesn't apply","Happened to me,Witnessed it","Doesn't apply","Happened to me",3,0,3,3,2,3,2,1,0,1,0,0,0,1,1,0,0,3,1,1,"2-3 times a week","1 or 2","Less than monthly","Never","Less than monthly","Never","Less than monthly","Less than monthly","Yes, but not in the last year","Yes, but not in the last year",25,11,5,11,5,3,6,6,5,5,2,1,1,3,2
8046,"PTSD","pc",40,"Female","No","No","Yes",7,"working","Doesn't apply","Doesn't apply","Doesn't apply","Doesn't apply","Doesn't apply","Happened to me","Doesn't apply","Doesn't apply","Doesn't apply","Doesn't apply","Doesn't apply","Doesn't apply","Doesn't apply","Doesn't apply","Doesn't apply","Doesn't apply","Happened to me",3,3,2,2,3,3,3,2,0,2,2,1,0,1,2,0,4,3,3,3,"Monthly or less","1 or 2","Never","Never","Never","Never","Never","Never","No","No",42,1,2,13,6,8,15,8,5,6,6,2,2,7,6
