Subject,OCD_1_MCQ,OCD_2_MCQ
7001,0,0
7004,1,1
7005,0,0
7006,0,0
7008,0,0
7009,0,0
7009,1,0
7010,0,0
7012,0,0
7013,0,0
7015,0,0
7016,0,0
7017,0,0
7018,0,0
7020,0,0
7021,0,0
7022,0,0
7025,0,0
7026,0,0
7027,0,0
7028,0,0
7029,0,0
7035,0,0
7037,0,0
7040,0,0
7041,0,0
7042,0,0
7043,0,0
7045,0,1
7046,0,0
7049,0,0
7050,0,0
7051,0,0
7052,0,0
7053,1,1
8001,0,0
8003,0,0
8005,0,0
8006,1,1
8009,0,0
8011,0,1
8012,0,0
8013,0,0
8014,0,0
8015,0,0
8017,0,1
8019,0,0
8020,0,0
8022,0,0
8024,0,0
8026,0,0
8027,1,1
8028,0,0
8029,0,0
8030,0,0
8031,0,0
8032,1,1
8033,0,0
8034,0,0
8035,0,0
8037,0,0
8038,0,0
8039,0,0
8040,1,1
8041,1,1
8043,1,1
8044,0,0
8045,0,0
8046,0,1
