"Subject","Stim","CueInfo","CueCode","Response","Answer","Acc","StimOn","Study","Group","AnyAcc"
7001,"tool","tools_k_019","nochange","kiwi.jpg","kiwi.jpg",1,135,"nest","TC",1
7001,"alc","alc_l_008","nochange","papaya.jpg","papaya.jpg",1,151,"nest","TC",1
7001,"tool","tools_k_015","reverse","blueberry.jpg","blueberry.jpg",1,167,"nest","TC",1
7001,"tool","tools_k_008","deval","apple.jpg","apple.jpg",1,183,"nest","TC",1
7001,"alc","alc_w_034","reverse","banana.jpg","banana.jpg",1,200,"nest","TC",1
7001,"alc","alc_b_048","deval","watermelon.jpg","watermelon.jpg",1,216,"nest","TC",1
7002,"tool","tools_k_033","reverse","","papaya.jpg",0,120,"nest","TC",0
7002,"alc","alc_l_026","reverse","banana.jpg","banana.jpg",1,136,"nest","TC",1
7002,"alc","alc_b_025","deval","watermelon.jpg","watermelon.jpg",1,153,"nest","TC",1
7002,"tool","tools_k_049","deval","blueberry.jpg","blueberry.jpg",1,169,"nest","TC",1
7002,"tool","tools_k_007","nochange","kiwi.jpg","kiwi.jpg",1,185,"nest","TC",1
7002,"alc","alc_w_022","nochange","apple.jpg","apple.jpg",1,201,"nest","TC",1
7004,"alc","alc_l_025","reverse","papaya.jpg","papaya.jpg",1,145,"nest","TC",1
7004,"tool","tools_k_017","deval","watermelon.jpg","watermelon.jpg",1,161,"nest","TC",1
7004,"alc","alc_b_049","deval","banana.jpg","banana.jpg",1,177,"nest","TC",1
7004,"alc","alc_w_035","nochange","apple.jpg","apple.jpg",1,193,"nest","TC",1
7004,"tool","tools_k_034","reverse","kiwi.jpg","kiwi.jpg",1,209,"nest","TC",1
7004,"tool","tools_k_035","nochange","","blueberry.jpg",0,226,"nest","TC",0
7005,"tool","tools_k_039","reverse","blueberry.jpgwatermelon.jpg","watermelon.jpg",0,135,"nest","TC",1
7005,"tool","tools_k_026","nochange","watermelon.jpg","papaya.jpg",0,151,"nest","TC",0
7005,"alc","alc_w_019","deval","blueberry.jpg","apple.jpg",0,167,"nest","TC",0
7005,"alc","alc_b_042","nochange","papaya.jpg","banana.jpg",0,183,"nest","TC",0
7005,"alc","alc_l_028","reverse","watermelon.jpg","blueberry.jpg",0,199,"nest","TC",0
7005,"tool","tools_k_005","deval","kiwi.jpg","kiwi.jpg",1,215,"nest","TC",1
7006,"alc","alc_w_040","nochange","blueberry.jpg","blueberry.jpg",1,136,"nest","TC",1
7006,"alc","alc_b_009","deval","kiwi.jpg","kiwi.jpg",1,152,"nest","TC",1
7006,"tool","tools_k_005","reverse","apple.jpg","apple.jpg",1,168,"nest","TC",1
7006,"tool","tools_k_004","deval","watermelon.jpg","watermelon.jpg",1,184,"nest","TC",1
7006,"tool","tools_k_024","nochange","banana.jpg","banana.jpg",1,200,"nest","TC",1
7006,"alc","alc_l_019","reverse","papaya.jpg","papaya.jpg",1,217,"nest","TC",1
7008,"tool","tools_k_012","deval","watermelon.jpg","watermelon.jpg",1,130,"nest","TC",1
7008,"tool","tools_k_025","reverse","blueberry.jpg","blueberry.jpg",1,146,"nest","TC",1
7008,"alc","alc_l_047","reverse","kiwi.jpg","kiwi.jpg",1,162,"nest","TC",1
7008,"tool","tools_k_020","nochange","papaya.jpg","papaya.jpg",1,178,"nest","TC",1
7008,"alc","alc_b_003","deval","apple.jpg","apple.jpg",1,194,"nest","TC",1
7008,"alc","alc_w_025","nochange","banana.jpg","banana.jpg",1,210,"nest","TC",1
7009,"alc","alc_b_017","reverse","banana.jpgblueberry.jpgpapaya.jpg","banana.jpg",0,127,"nest","TC",1
7009,"tool","tools_k_019","reverse","blueberry.jpgapple.jpgbanana.jpg","apple.jpg",0,143,"nest","TC",1
7009,"tool","tools_k_020","nochange","blueberry.jpgapple.jpg","papaya.jpg",0,159,"nest","TC",0
7009,"tool","tools_k_033","deval","kiwi.jpg","blueberry.jpg",0,175,"nest","TC",0
7009,"alc","alc_w_003","nochange","apple.jpg","kiwi.jpg",0,191,"nest","TC",0
7009,"alc","alc_l_031","deval","banana.jpg","watermelon.jpg",0,207,"nest","TC",0
7010,"alc","alc_w_004","deval","watermelon.jpgblueberry.jpg","kiwi.jpg",0,137,"nest","TC",0
7010,"tool","tools_k_027","deval","papaya.jpgblueberry.jpg","watermelon.jpg",0,153,"nest","TC",0
7010,"alc","alc_l_018","nochange","papaya.jpgkiwi.jpg","blueberry.jpg",0,170,"nest","TC",0
7010,"alc","alc_b_026","reverse","banana.jpgkiwi.jpg","apple.jpg",0,186,"nest","TC",0
7010,"tool","tools_k_026","nochange","kiwi.jpg","papaya.jpg",0,202,"nest","TC",0
7010,"tool","tools_k_032","reverse","banana.jpg","banana.jpg",1,218,"nest","TC",1
7012,"tool","tools_k_028","reverse","kiwi.jpg","kiwi.jpg",1,142,"nest","TC",1
7012,"tool","tools_k_004","deval","watermelon.jpg","watermelon.jpg",1,158,"nest","TC",1
7012,"alc","alc_l_011","deval","apple.jpg","apple.jpg",1,174,"nest","TC",1
7012,"alc","alc_w_035","nochange","papaya.jpg","papaya.jpg",1,190,"nest","TC",1
7012,"alc","alc_b_010","reverse","banana.jpg","banana.jpg",1,206,"nest","TC",1
7012,"tool","tools_k_016","nochange","blueberry.jpg","blueberry.jpg",1,223,"nest","TC",1
7013,"alc","alc_l_021","deval","papaya.jpg","papaya.jpg",1,130,"nest","TC",1
7013,"tool","tools_k_015","nochange","apple.jpg","apple.jpg",1,146,"nest","TC",1
7013,"tool","tools_k_006","deval","kiwi.jpg","kiwi.jpg",1,162,"nest","TC",1
7013,"alc","alc_b_031","reverse","blueberry.jpg","blueberry.jpg",1,179,"nest","TC",1
7013,"alc","alc_w_017","nochange","banana.jpg","banana.jpg",1,195,"nest","TC",1
7013,"tool","tools_k_037","reverse","watermelon.jpg","watermelon.jpg",1,211,"nest","TC",1
7015,"tool","tools_k_036","reverse","papaya.jpgbanana.jpgapple.jpgblueberry.jpg","apple.jpg",0,192,"nest","TC",1
7015,"alc","alc_b_017","reverse","papaya.jpgwatermelon.jpg","papaya.jpg",0,208,"nest","TC",1
7015,"tool","tools_k_013","nochange","kiwi.jpgbanana.jpgpapaya.jpgwatermelon.jpgblueberry.jpg","blueberry.jpg",0,225,"nest","TC",1
7015,"alc","alc_w_031","deval","banana.jpgapple.jpgkiwi.jpgwatermelon.jpg","kiwi.jpg",0,241,"nest","TC",1
7015,"alc","alc_l_029","nochange","blueberry.jpgwatermelon.jpgkiwi.jpgpapaya.jpgapple.jpg","watermelon.jpg",0,257,"nest","TC",1
7015,"tool","tools_k_019","deval","apple.jpgwatermelon.jpgpapaya.jpg","banana.jpg",0,273,"nest","TC",0
7016,"alc","alc_b_002","nochange","blueberry.jpg","blueberry.jpg",1,133,"nest","TC",1
7016,"tool","tools_k_036","reverse","apple.jpg","apple.jpg",1,149,"nest","TC",1
7016,"alc","alc_w_049","reverse","papaya.jpg","papaya.jpg",1,165,"nest","TC",1
7016,"tool","tools_k_020","deval","kiwi.jpg","kiwi.jpg",1,181,"nest","TC",1
7016,"alc","alc_l_021","deval","watermelon.jpg","watermelon.jpg",1,197,"nest","TC",1
7016,"tool","tools_k_015","nochange","banana.jpg","banana.jpg",1,214,"nest","TC",1
7017,"alc","alc_l_027","nochange","papaya.jpgbanana.jpg","banana.jpg",0,133,"nest","TC",1
7017,"tool","tools_k_026","deval","","watermelon.jpg",0,149,"nest","TC",0
7017,"alc","alc_w_009","reverse","papaya.jpg","papaya.jpg",1,165,"nest","TC",1
7017,"tool","tools_k_022","reverse","kiwi.jpg","apple.jpg",0,182,"nest","TC",0
7017,"tool","tools_k_047","nochange","","kiwi.jpg",0,198,"nest","TC",0
7017,"alc","alc_b_033","deval","","blueberry.jpg",0,214,"nest","TC",0
7018,"tool","tools_k_011","deval","watermelon.jpg","watermelon.jpg",1,132,"nest","TC",1
7018,"alc","alc_w_011","deval","papaya.jpg","papaya.jpg",1,148,"nest","TC",1
7018,"tool","tools_k_029","nochange","apple.jpg","apple.jpg",1,164,"nest","TC",1
7018,"tool","tools_k_008","reverse","kiwi.jpg","kiwi.jpg",1,180,"nest","TC",1
7018,"alc","alc_l_015","nochange","banana.jpg","banana.jpg",1,196,"nest","TC",1
7018,"alc","alc_b_032","reverse","blueberry.jpg","blueberry.jpg",1,213,"nest","TC",1
7021,"tool","tools_k_029","deval","apple.jpgpapaya.jpg","blueberry.jpg",0,126,"nest","TC",0
7021,"tool","tools_k_001","reverse","kiwi.jpgapple.jpgbanana.jpgwatermelon.jpg","apple.jpg",0,142,"nest","TC",1
7021,"alc","alc_b_018","reverse","banana.jpgapple.jpgwatermelon.jpgpapaya.jpg","papaya.jpg",0,158,"nest","TC",1
7021,"tool","tools_k_017","nochange","watermelon.jpgapple.jpgpapaya.jpgbanana.jpg","watermelon.jpg",0,175,"nest","TC",1
7021,"alc","alc_l_015","nochange","papaya.jpgbanana.jpgapple.jpgwatermelon.jpg","banana.jpg",0,191,"nest","TC",1
7021,"alc","alc_w_006","deval","papaya.jpgwatermelon.jpgbanana.jpgapple.jpg","kiwi.jpg",0,207,"nest","TC",0
7022,"tool","tools_k_047","deval","kiwi.jpg","banana.jpg",0,131,"nest","TC",0
7022,"alc","alc_w_008","nochange","kiwi.jpg","kiwi.jpg",1,148,"nest","TC",1
7022,"tool","tools_k_008","reverse","blueberry.jpg","watermelon.jpg",0,164,"nest","TC",0
7022,"tool","tools_k_023","nochange","papaya.jpg","apple.jpg",0,180,"nest","TC",0
7022,"alc","alc_b_034","reverse","apple.jpg","papaya.jpg",0,196,"nest","TC",0
7022,"alc","alc_l_015","deval","banana.jpg","blueberry.jpg",0,212,"nest","TC",0
7025,"alc","alc_l_047","reverse","banana.jpg","banana.jpg",1,154,"nest","TC",1
7025,"tool","tools_k_028","deval","kiwi.jpg","watermelon.jpg",0,170,"nest","TC",0
7025,"tool","tools_k_043","nochange","apple.jpg","papaya.jpg",0,186,"nest","TC",0
7025,"tool","tools_k_039","reverse","banana.jpg","kiwi.jpg",0,202,"nest","TC",0
7025,"alc","alc_w_043","nochange","kiwi.jpg","blueberry.jpg",0,218,"nest","TC",0
7025,"alc","alc_b_048","deval","papaya.jpg","apple.jpg",0,235,"nest","TC",0
7026,"alc","alc_w_050","reverse","papaya.jpg","banana.jpg",0,136,"nest","TC",0
7026,"tool","tools_k_033","deval","apple.jpg","apple.jpg",1,152,"nest","TC",1
7026,"alc","alc_b_043","nochange","watermelon.jpg","watermelon.jpg",1,168,"nest","TC",1
7026,"tool","tools_k_048","nochange","kiwi.jpg","kiwi.jpg",1,184,"nest","TC",1
7026,"tool","tools_k_008","reverse","blueberry.jpg","blueberry.jpg",1,200,"nest","TC",1
7026,"alc","alc_l_013","deval","papaya.jpg","papaya.jpg",1,216,"nest","TC",1
7027,"alc","alc_b_040","nochange","blueberry.jpg","blueberry.jpg",1,159,"nest","TC",1
7027,"tool","tools_k_049","nochange","watermelon.jpg","watermelon.jpg",1,175,"nest","TC",1
7027,"alc","alc_w_037","reverse","kiwi.jpg","kiwi.jpg",1,191,"nest","TC",1
7027,"tool","tools_k_044","reverse","apple.jpg","apple.jpg",1,208,"nest","TC",1
7027,"alc","alc_l_004","deval","papaya.jpg","papaya.jpg",1,224,"nest","TC",1
7027,"tool","tools_k_006","deval","banana.jpg","banana.jpg",1,240,"nest","TC",1
7028,"tool","tools_k_026","nochange","apple.jpgwatermelon.jpg","watermelon.jpg",0,141,"nest","TC",1
7028,"alc","alc_l_016","reverse","apple.jpg","apple.jpg",1,157,"nest","TC",1
7028,"alc","alc_b_031","deval","papaya.jpg","papaya.jpg",1,173,"nest","TC",1
7028,"tool","tools_k_012","deval","kiwi.jpg","kiwi.jpg",1,189,"nest","TC",1
7028,"tool","tools_k_003","reverse","banana.jpg","banana.jpg",1,206,"nest","TC",1
7028,"alc","alc_w_027","nochange","blueberry.jpg","blueberry.jpg",1,222,"nest","TC",1
7029,"tool","tools_k_048","nochange","papaya.jpg","papaya.jpg",1,136,"nest","TC",1
7029,"tool","tools_k_005","reverse","watermelon.jpg","watermelon.jpg",1,152,"nest","TC",1
7029,"alc","alc_l_036","nochange","apple.jpg","kiwi.jpg",0,168,"nest","TC",0
7029,"alc","alc_w_045","deval","blueberry.jpg","blueberry.jpg",1,184,"nest","TC",1
7029,"tool","tools_k_034","deval","papaya.jpg","apple.jpg",0,200,"nest","TC",0
7029,"alc","alc_b_032","reverse","banana.jpg","banana.jpg",1,216,"nest","TC",1
7035,"tool","tools_k_021","deval","watermelon.jpg","watermelon.jpg",1,129,"nest","TC",1
7035,"alc","alc_w_001","reverse","banana.jpg","banana.jpg",1,145,"nest","TC",1
7035,"alc","alc_b_033","nochange","kiwi.jpg","kiwi.jpg",1,162,"nest","TC",1
7035,"tool","tools_k_009","reverse","papaya.jpg","papaya.jpg",1,178,"nest","TC",1
7035,"tool","tools_k_026","nochange","apple.jpg","apple.jpg",1,194,"nest","TC",1
7035,"alc","alc_l_021","deval","blueberry.jpg","blueberry.jpg",1,210,"nest","TC",1
7037,"alc","alc_b_005","nochange","blueberry.jpg","blueberry.jpg",1,142,"nest","TC",1
7037,"tool","tools_k_005","deval","watermelon.jpg","watermelon.jpg",1,159,"nest","TC",1
7037,"alc","alc_w_030","reverse","apple.jpg","apple.jpg",1,175,"nest","TC",1
7037,"tool","tools_k_010","nochange","kiwi.jpg","kiwi.jpg",1,191,"nest","TC",1
7037,"alc","alc_l_001","deval","banana.jpg","banana.jpg",1,207,"nest","TC",1
7037,"tool","tools_k_004","reverse","papaya.jpg","papaya.jpg",1,223,"nest","TC",1
7040,"tool","tools_k_014","deval","watermelon.jpg","watermelon.jpg",1,162,"nest","TC",1
7040,"alc","alc_w_022","nochange","blueberry.jpg","blueberry.jpg",1,178,"nest","TC",1
7040,"tool","tools_k_008","nochange","kiwi.jpg","kiwi.jpg",1,194,"nest","TC",1
7040,"alc","alc_b_031","reverse","apple.jpg","apple.jpg",1,210,"nest","TC",1
7040,"tool","tools_k_012","reverse","papaya.jpg","papaya.jpg",1,226,"nest","TC",1
7040,"alc","alc_l_050","deval","banana.jpg","banana.jpg",1,243,"nest","TC",1
7041,"alc","alc_w_015","nochange","kiwi.jpgblueberry.jpg","banana.jpg",0,131,"nest","TC",0
7041,"tool","tools_k_045","reverse","papaya.jpgbanana.jpgblueberry.jpg","blueberry.jpg",0,147,"nest","TC",1
7041,"alc","alc_b_035","reverse","kiwi.jpgblueberry.jpgpapaya.jpg","papaya.jpg",0,163,"nest","TC",1
7041,"alc","alc_l_004","deval","apple.jpgblueberry.jpg","apple.jpg",0,179,"nest","TC",1
7041,"tool","tools_k_040","deval","kiwi.jpg","watermelon.jpg",0,195,"nest","TC",0
7041,"tool","tools_k_044","nochange","banana.jpgwatermelon.jpgpapaya.jpg","kiwi.jpg",0,212,"nest","TC",0
7042,"tool","tools_k_003","nochange","apple.jpg","apple.jpg",1,125,"nest","TC",1
7042,"alc","alc_w_038","reverse","blueberry.jpg","blueberry.jpg",1,141,"nest","TC",1
7042,"tool","tools_k_029","deval","kiwi.jpg","kiwi.jpg",1,157,"nest","TC",1
7042,"alc","alc_b_015","nochange","kiwi.jpg","watermelon.jpg",0,173,"nest","TC",0
7042,"tool","tools_k_025","reverse","papaya.jpg","papaya.jpg",1,189,"nest","TC",1
7042,"alc","alc_l_042","deval","banana.jpg","banana.jpg",1,205,"nest","TC",1
7043,"alc","alc_b_047","deval","","papaya.jpg",0,126,"nest","TC",0
7043,"alc","alc_l_011","reverse","banana.jpgpapaya.jpg","banana.jpg",0,142,"nest","TC",1
7043,"alc","alc_w_019","nochange","kiwi.jpg","kiwi.jpg",1,158,"nest","TC",1
7043,"tool","tools_k_047","nochange","apple.jpg","apple.jpg",1,174,"nest","TC",1
7043,"tool","tools_k_046","reverse","blueberry.jpg","blueberry.jpg",1,191,"nest","TC",1
7043,"tool","tools_k_002","deval","watermelon.jpg","watermelon.jpg",1,207,"nest","TC",1
7045,"alc","alc_b_021","nochange","blueberry.jpg","blueberry.jpg",1,133,"nest","TC",1
7045,"tool","tools_k_009","deval","banana.jpg","banana.jpg",1,149,"nest","TC",1
7045,"tool","tools_k_030","nochange","papaya.jpg","apple.jpg",0,165,"nest","TC",0
7045,"tool","tools_k_034","reverse","blueberry.jpg","watermelon.jpg",0,182,"nest","TC",0
7045,"alc","alc_l_017","reverse","kiwi.jpgwatermelon.jpg","kiwi.jpg",0,198,"nest","TC",1
7045,"alc","alc_w_043","deval","kiwi.jpg","papaya.jpg",0,214,"nest","TC",0
7049,"alc","alc_l_013","deval","","banana.jpg",0,135,"nest","TC",0
7049,"alc","alc_w_050","nochange","blueberry.jpg","watermelon.jpg",0,152,"nest","TC",0
7049,"tool","tools_k_047","deval","kiwi.jpg","kiwi.jpg",1,168,"nest","TC",1
7049,"tool","tools_k_004","reverse","apple.jpg","papaya.jpg",0,184,"nest","TC",0
7049,"alc","alc_b_042","reverse","","blueberry.jpg",0,200,"nest","TC",0
7049,"tool","tools_k_019","nochange","","apple.jpg",0,216,"nest","TC",0
7050,"tool","tools_k_050","reverse","papaya.jpgwatermelon.jpg","watermelon.jpg",0,127,"nest","TC",1
7050,"alc","alc_l_047","nochange","kiwi.jpg","kiwi.jpg",1,143,"nest","TC",1
7050,"tool","tools_k_048","nochange","papaya.jpg","papaya.jpg",1,159,"nest","TC",1
7050,"alc","alc_w_043","reverse","banana.jpg","banana.jpg",1,175,"nest","TC",1
7050,"tool","tools_k_045","deval","apple.jpg","apple.jpg",1,191,"nest","TC",1
7050,"alc","alc_b_004","deval","blueberry.jpg","blueberry.jpg",1,207,"nest","TC",1
7051,"tool","tools_k_039","nochange","apple.jpg","apple.jpg",1,136,"nest","TC",1
7051,"alc","alc_b_025","deval","watermelon.jpg","watermelon.jpg",1,152,"nest","TC",1
7051,"tool","tools_k_011","deval","papaya.jpg","papaya.jpg",1,168,"nest","TC",1
7051,"alc","alc_l_002","reverse","banana.jpgkiwi.jpg","kiwi.jpg",0,184,"nest","TC",1
7051,"alc","alc_w_006","nochange","kiwi.jpgbanana.jpg","banana.jpg",0,200,"nest","TC",1
7051,"tool","tools_k_008","reverse","blueberry.jpg","blueberry.jpg",1,216,"nest","TC",1
7053,"tool","tools_k_046","nochange","kiwi.jpg","kiwi.jpg",1,141,"nest","TC",1
7053,"tool","tools_k_040","deval","apple.jpg","apple.jpg",1,157,"nest","TC",1
7053,"alc","alc_w_005","deval","banana.jpg","banana.jpg",1,173,"nest","TC",1
7053,"alc","alc_b_017","nochange","blueberry.jpg","blueberry.jpg",1,189,"nest","TC",1
7053,"tool","tools_k_038","reverse","watermelon.jpg","watermelon.jpg",1,205,"nest","TC",1
7053,"alc","alc_l_014","reverse","papaya.jpg","papaya.jpg",1,221,"nest","TC",1
8001,"alc","alc_w_037","deval","watermelon.jpgblueberry.jpg","blueberry.jpg",0,141,"nest","PTSD",1
8001,"tool","tools_k_005","reverse","papaya.jpg","banana.jpg",0,157,"nest","PTSD",0
8001,"alc","alc_l_011","reverse","banana.jpg","papaya.jpg",0,173,"nest","PTSD",0
8001,"alc","alc_b_044","nochange","kiwi.jpg","kiwi.jpg",1,189,"nest","PTSD",1
8001,"tool","tools_k_027","nochange","watermelon.jpg","watermelon.jpg",1,205,"nest","PTSD",1
8001,"tool","tools_k_033","deval","papaya.jpg","apple.jpg",0,221,"nest","PTSD",0
8002,"tool","tools_k_050","reverse","kiwi.jpgpapaya.jpgblueberry.jpg","kiwi.jpg",0,137,"nest","PTSD",1
8002,"tool","tools_k_044","deval","banana.jpg","banana.jpg",1,153,"nest","PTSD",1
8002,"alc","alc_b_004","reverse","watermelon.jpg","watermelon.jpg",1,170,"nest","PTSD",1
8002,"alc","alc_w_018","nochange","watermelon.jpgkiwi.jpgbanana.jpgapple.jpg","apple.jpg",0,186,"nest","PTSD",1
8002,"alc","alc_l_028","deval","papaya.jpg","papaya.jpg",1,202,"nest","PTSD",1
8002,"tool","tools_k_006","nochange","blueberry.jpg","blueberry.jpg",1,218,"nest","PTSD",1
8003,"tool","tools_k_026","deval","watermelon.jpg","apple.jpg",0,193,"nest","PTSD",0
8003,"alc","alc_b_003","nochange","watermelon.jpgkiwi.jpg","watermelon.jpg",0,209,"nest","PTSD",1
8003,"tool","tools_k_021","reverse","papaya.jpg","kiwi.jpg",0,225,"nest","PTSD",0
8003,"tool","tools_k_005","nochange","banana.jpg","banana.jpg",1,241,"nest","PTSD",1
8003,"alc","alc_w_021","reverse","kiwi.jpg","papaya.jpg",0,257,"nest","PTSD",0
8003,"alc","alc_l_016","deval","","blueberry.jpg",0,273,"nest","PTSD",0
8005,"alc","alc_b_005","deval","papaya.jpg","papaya.jpg",1,129,"nest","PTSD",1
8005,"tool","tools_k_031","reverse","watermelon.jpg","watermelon.jpg",1,145,"nest","PTSD",1
8005,"alc","alc_w_012","nochange","blueberry.jpg","blueberry.jpg",1,162,"nest","PTSD",1
8005,"tool","tools_k_029","deval","apple.jpg","apple.jpg",1,178,"nest","PTSD",1
8005,"tool","tools_k_040","nochange","banana.jpg","banana.jpg",1,194,"nest","PTSD",1
8005,"alc","alc_l_050","reverse","kiwi.jpg","kiwi.jpg",1,210,"nest","PTSD",1
8006,"alc","alc_b_018","nochange","apple.jpg","kiwi.jpg",0,124,"nest","PTSD",0
8006,"tool","tools_k_010","deval","kiwi.jpg","apple.jpg",0,140,"nest","PTSD",0
8006,"alc","alc_l_007","deval","blueberry.jpg","blueberry.jpg",1,156,"nest","PTSD",1
8006,"alc","alc_w_026","reverse","kiwi.jpg","watermelon.jpg",0,172,"nest","PTSD",0
8006,"tool","tools_k_009","nochange","banana.jpg","papaya.jpg",0,188,"nest","PTSD",0
8006,"tool","tools_k_048","reverse","papaya.jpg","banana.jpg",0,204,"nest","PTSD",0
8009,"tool","tools_k_038","deval","banana.jpgblueberry.jpgkiwi.jpgapple.jpgpapaya.jpg","banana.jpg",0,144,"nest","PTSD",1
8009,"tool","tools_k_003","nochange","apple.jpgwatermelon.jpgblueberry.jpgkiwi.jpg","blueberry.jpg",0,160,"nest","PTSD",1
8009,"alc","alc_w_017","reverse","watermelon.jpgapple.jpgblueberry.jpgkiwi.jpg","kiwi.jpg",0,176,"nest","PTSD",1
8009,"tool","tools_k_022","reverse","watermelon.jpgblueberry.jpgkiwi.jpgapple.jpg","apple.jpg",0,193,"nest","PTSD",1
8009,"alc","alc_l_049","nochange","kiwi.jpgwatermelon.jpgblueberry.jpgapple.jpgpapaya.jpg","watermelon.jpg",0,209,"nest","PTSD",1
8009,"alc","alc_b_024","deval","banana.jpgkiwi.jpgblueberry.jpgwatermelon.jpgapple.jpgpapaya.jpg","papaya.jpg",0,225,"nest","PTSD",1
8011,"tool","tools_k_029","deval","blueberry.jpg","blueberry.jpg",1,143,"nest","PTSD",1
8011,"alc","alc_l_025","deval","papaya.jpg","papaya.jpg",1,159,"nest","PTSD",1
8011,"tool","tools_k_034","nochange","apple.jpg","apple.jpg",1,176,"nest","PTSD",1
8011,"alc","alc_w_033","nochange","kiwi.jpg","kiwi.jpg",1,192,"nest","PTSD",1
8011,"tool","tools_k_036","reverse","watermelon.jpg","watermelon.jpg",1,208,"nest","PTSD",1
8011,"alc","alc_b_015","reverse","banana.jpg","banana.jpg",1,224,"nest","PTSD",1
8012,"tool","tools_k_017","nochange","papaya.jpgapple.jpg","papaya.jpg",0,129,"nest","PTSD",1
8012,"alc","alc_b_001","nochange","papaya.jpgapple.jpgkiwi.jpg","kiwi.jpg",0,145,"nest","PTSD",1
8012,"tool","tools_k_050","reverse","apple.jpgkiwi.jpgbanana.jpg","banana.jpg",0,161,"nest","PTSD",1
8012,"tool","tools_k_016","deval","banana.jpgblueberry.jpg","blueberry.jpg",0,177,"nest","PTSD",1
8012,"alc","alc_l_050","deval","apple.jpgwatermelon.jpg","watermelon.jpg",0,193,"nest","PTSD",1
8012,"alc","alc_w_041","reverse","papaya.jpgapple.jpg","apple.jpg",0,210,"nest","PTSD",1
8013,"tool","tools_k_039","nochange","banana.jpg","banana.jpg",1,126,"nest","PTSD",1
8013,"alc","alc_w_042","nochange","papaya.jpg","papaya.jpg",1,142,"nest","PTSD",1
8013,"alc","alc_l_039","deval","kiwi.jpg","kiwi.jpg",1,158,"nest","PTSD",1
8013,"tool","tools_k_024","reverse","apple.jpg","apple.jpg",1,175,"nest","PTSD",1
8013,"alc","alc_b_050","reverse","watermelon.jpg","watermelon.jpg",1,191,"nest","PTSD",1
8013,"tool","tools_k_031","deval","blueberry.jpg","blueberry.jpg",1,207,"nest","PTSD",1
8014,"tool","tools_k_032","reverse","blueberry.jpg","blueberry.jpg",1,126,"nest","PTSD",1
8014,"alc","alc_w_048","nochange","watermelon.jpg","watermelon.jpg",1,142,"nest","PTSD",1
8014,"tool","tools_k_050","deval","papaya.jpg","papaya.jpg",1,158,"nest","PTSD",1
8014,"tool","tools_k_038","nochange","kiwi.jpg","kiwi.jpg",1,175,"nest","PTSD",1
8014,"alc","alc_l_014","reverse","","apple.jpg",0,191,"nest","PTSD",0
8014,"alc","alc_b_039","deval","banana.jpg","banana.jpg",1,207,"nest","PTSD",1
8015,"tool","tools_k_006","reverse","blueberry.jpgapple.jpgkiwi.jpgwatermelon.jpgpapaya.jpgbanana.jpg","banana.jpg",0,158,"nest","PTSD",1
8015,"alc","alc_b_041","nochange","watermelon.jpgkiwi.jpgpapaya.jpgbanana.jpgapple.jpg","apple.jpg",0,174,"nest","PTSD",1
8015,"alc","alc_l_037","reverse","watermelon.jpgbanana.jpgapple.jpgblueberry.jpgkiwi.jpg","kiwi.jpg",0,190,"nest","PTSD",1
8015,"tool","tools_k_002","nochange","kiwi.jpgbanana.jpgapple.jpgwatermelon.jpg","watermelon.jpg",0,206,"nest","PTSD",1
8015,"tool","tools_k_039","deval","blueberry.jpgapple.jpgwatermelon.jpgbanana.jpgkiwi.jpg","papaya.jpg",0,222,"nest","PTSD",0
8015,"alc","alc_w_003","deval","banana.jpgwatermelon.jpgapple.jpgkiwi.jpg","blueberry.jpg",0,239,"nest","PTSD",0
8017,"tool","tools_k_006","deval","papaya.jpg","papaya.jpg",1,123,"nest","PTSD",1
8017,"tool","tools_k_022","reverse","kiwi.jpg","kiwi.jpg",1,139,"nest","PTSD",1
8017,"alc","alc_w_031","nochange","watermelon.jpg","watermelon.jpg",1,155,"nest","PTSD",1
8017,"alc","alc_l_033","reverse","apple.jpg","apple.jpg",1,171,"nest","PTSD",1
8017,"alc","alc_b_021","deval","banana.jpg","banana.jpg",1,188,"nest","PTSD",1
8017,"tool","tools_k_033","nochange","blueberry.jpg","blueberry.jpg",1,204,"nest","PTSD",1
8019,"tool","tools_k_049","reverse","papaya.jpg","papaya.jpg",1,135,"nest","PTSD",1
8019,"alc","alc_b_025","deval","blueberry.jpg","blueberry.jpg",1,151,"nest","PTSD",1
8019,"alc","alc_l_047","reverse","watermelon.jpg","watermelon.jpg",1,167,"nest","PTSD",1
8019,"tool","tools_k_042","deval","kiwi.jpg","kiwi.jpg",1,183,"nest","PTSD",1
8019,"alc","alc_w_011","nochange","banana.jpg","banana.jpg",1,199,"nest","PTSD",1
8019,"tool","tools_k_035","nochange","apple.jpg","apple.jpg",1,215,"nest","PTSD",1
8020,"tool","tools_k_002","reverse","papaya.jpg","papaya.jpg",1,125,"nest","PTSD",1
8020,"alc","alc_w_028","reverse","banana.jpgkiwi.jpgwatermelon.jpg","apple.jpg",0,141,"nest","PTSD",0
8020,"alc","alc_b_023","deval","watermelon.jpg","banana.jpg",0,158,"nest","PTSD",0
8020,"alc","alc_l_023","nochange","apple.jpg","blueberry.jpg",0,174,"nest","PTSD",0
8020,"tool","tools_k_043","nochange","banana.jpg","kiwi.jpg",0,190,"nest","PTSD",0
8020,"tool","tools_k_026","deval","banana.jpg","watermelon.jpg",0,206,"nest","PTSD",0
8024,"alc","alc_w_006","reverse","blueberry.jpg","banana.jpg",0,145,"nest","PTSD",0
8024,"alc","alc_b_004","nochange","kiwi.jpgpapaya.jpg","papaya.jpg",0,161,"nest","PTSD",1
8024,"tool","tools_k_047","deval","papaya.jpgbanana.jpgapple.jpgkiwi.jpg","watermelon.jpg",0,178,"nest","PTSD",0
8024,"tool","tools_k_049","nochange","banana.jpgapple.jpgpapaya.jpgwatermelon.jpgkiwi.jpg","kiwi.jpg",0,194,"nest","PTSD",1
8024,"alc","alc_l_013","deval","papaya.jpgbanana.jpgapple.jpgkiwi.jpg","blueberry.jpg",0,210,"nest","PTSD",0
8024,"tool","tools_k_002","reverse","papaya.jpgkiwi.jpgwatermelon.jpgapple.jpgbanana.jpg","apple.jpg",0,226,"nest","PTSD",1
8026,"tool","tools_k_042","reverse","banana.jpgkiwi.jpgpapaya.jpgapple.jpgblueberry.jpg","apple.jpg",0,122,"nest","PTSD",1
8026,"alc","alc_w_001","nochange","","watermelon.jpg",0,139,"nest","PTSD",0
8026,"tool","tools_k_032","deval","kiwi.jpg","papaya.jpg",0,155,"nest","PTSD",0
8026,"alc","alc_b_024","reverse","","blueberry.jpg",0,171,"nest","PTSD",0
8026,"alc","alc_l_046","deval","watermelon.jpg","banana.jpg",0,187,"nest","PTSD",0
8026,"tool","tools_k_049","nochange","banana.jpg","kiwi.jpg",0,203,"nest","PTSD",0
8027,"tool","tools_k_002","deval","watermelon.jpg","watermelon.jpg",1,132,"nest","PTSD",1
8027,"tool","tools_k_046","nochange","apple.jpg","apple.jpg",1,148,"nest","PTSD",1
8027,"alc","alc_w_038","nochange","blueberry.jpg","blueberry.jpg",1,164,"nest","PTSD",1
8027,"alc","alc_b_046","reverse","papaya.jpg","papaya.jpg",1,180,"nest","PTSD",1
8027,"tool","tools_k_024","reverse","banana.jpg","banana.jpg",1,197,"nest","PTSD",1
8027,"alc","alc_l_036","deval","kiwi.jpg","kiwi.jpg",1,213,"nest","PTSD",1
8028,"alc","alc_b_011","nochange","blueberry.jpg","blueberry.jpg",1,122,"nest","PTSD",1
8028,"alc","alc_w_017","reverse","watermelon.jpgapple.jpg","apple.jpg",0,138,"nest","PTSD",1
8028,"tool","tools_k_043","deval","banana.jpg","banana.jpg",1,154,"nest","PTSD",1
8028,"tool","tools_k_049","reverse","papaya.jpgwatermelon.jpg","watermelon.jpg",0,171,"nest","PTSD",1
8028,"tool","tools_k_030","nochange","papaya.jpg","papaya.jpg",1,187,"nest","PTSD",1
8028,"alc","alc_l_044","deval","kiwi.jpg","kiwi.jpg",1,203,"nest","PTSD",1
8029,"tool","tools_k_020","deval","kiwi.jpg","kiwi.jpg",1,130,"nest","PTSD",1
8029,"alc","alc_b_042","reverse","blueberry.jpg","blueberry.jpg",1,146,"nest","PTSD",1
8029,"alc","alc_l_038","deval","watermelon.jpg","watermelon.jpg",1,162,"nest","PTSD",1
8029,"tool","tools_k_042","nochange","banana.jpg","banana.jpg",1,179,"nest","PTSD",1
8029,"tool","tools_k_007","reverse","papaya.jpg","papaya.jpg",1,195,"nest","PTSD",1
8029,"alc","alc_w_021","nochange","apple.jpg","apple.jpg",1,211,"nest","PTSD",1
8030,"alc","alc_b_039","deval","","apple.jpg",0,145,"nest","PTSD",0
8030,"alc","alc_l_021","reverse","apple.jpg","blueberry.jpg",0,161,"nest","PTSD",0
8030,"tool","tools_k_026","reverse","kiwi.jpg","kiwi.jpg",1,177,"nest","PTSD",1
8030,"tool","tools_k_042","nochange","blueberry.jpg","watermelon.jpg",0,193,"nest","PTSD",0
8030,"alc","alc_w_033","nochange","papaya.jpg","papaya.jpg",1,209,"nest","PTSD",1
8030,"tool","tools_k_047","deval","banana.jpg","banana.jpg",1,226,"nest","PTSD",1
8031,"tool","tools_k_007","deval","kiwi.jpg","kiwi.jpg",1,136,"nest","PTSD",1
8031,"alc","alc_l_020","deval","banana.jpg","banana.jpg",1,152,"nest","PTSD",1
8031,"alc","alc_b_046","reverse","papaya.jpg","papaya.jpg",1,168,"nest","PTSD",1
8031,"tool","tools_k_045","reverse","apple.jpg","apple.jpg",1,184,"nest","PTSD",1
8031,"alc","alc_w_042","nochange","blueberry.jpg","blueberry.jpg",1,200,"nest","PTSD",1
8031,"tool","tools_k_001","nochange","watermelon.jpg","watermelon.jpg",1,216,"nest","PTSD",1
8032,"alc","alc_l_012","reverse","banana.jpg","banana.jpg",1,137,"nest","PTSD",1
8032,"tool","tools_k_026","reverse","papaya.jpg","papaya.jpg",1,153,"nest","PTSD",1
8032,"tool","tools_k_016","nochange","watermelon.jpg","watermelon.jpg",1,169,"nest","PTSD",1
8032,"tool","tools_k_047","deval","blueberry.jpg","blueberry.jpg",1,185,"nest","PTSD",1
8032,"alc","alc_w_002","deval","kiwi.jpg","kiwi.jpg",1,202,"nest","PTSD",1
8032,"alc","alc_b_040","nochange","apple.jpg","apple.jpg",1,218,"nest","PTSD",1
8033,"tool","tools_k_012","reverse","apple.jpg","apple.jpg",1,134,"nest","PTSD",1
8033,"tool","tools_k_036","nochange","blueberry.jpg","blueberry.jpg",1,150,"nest","PTSD",1
8033,"tool","tools_k_026","deval","papaya.jpg","papaya.jpg",1,166,"nest","PTSD",1
8033,"alc","alc_l_013","deval","banana.jpg","banana.jpg",1,182,"nest","PTSD",1
8033,"alc","alc_w_034","reverse","kiwi.jpg","kiwi.jpg",1,198,"nest","PTSD",1
8033,"alc","alc_b_043","nochange","watermelon.jpg","watermelon.jpg",1,214,"nest","PTSD",1
8034,"tool","tools_k_042","nochange","papaya.jpg","papaya.jpg",1,136,"nest","PTSD",1
8034,"tool","tools_k_028","reverse","watermelon.jpg","watermelon.jpg",1,152,"nest","PTSD",1
8034,"alc","alc_w_020","reverse","banana.jpg","banana.jpg",1,168,"nest","PTSD",1
8034,"tool","tools_k_049","deval","apple.jpg","apple.jpg",1,184,"nest","PTSD",1
8034,"alc","alc_l_034","nochange","blueberry.jpg","blueberry.jpg",1,200,"nest","PTSD",1
8034,"alc","alc_b_030","deval","kiwi.jpg","kiwi.jpg",1,216,"nest","PTSD",1
8035,"tool","tools_k_008","reverse","apple.jpg","apple.jpg",1,139,"nest","PTSD",1
8035,"alc","alc_w_012","reverse","blueberry.jpg","blueberry.jpg",1,155,"nest","PTSD",1
8035,"alc","alc_l_003","deval","kiwi.jpg","kiwi.jpg",1,171,"nest","PTSD",1
8035,"tool","tools_k_030","deval","banana.jpg","banana.jpg",1,188,"nest","PTSD",1
8035,"tool","tools_k_034","nochange","papaya.jpg","papaya.jpg",1,204,"nest","PTSD",1
8035,"alc","alc_b_023","nochange","watermelon.jpg","watermelon.jpg",1,220,"nest","PTSD",1
8037,"alc","alc_l_042","nochange","apple.jpgbanana.jpgkiwi.jpg","apple.jpg",0,156,"nest","PTSD",1
8037,"tool","tools_k_032","reverse","apple.jpgblueberry.jpgbanana.jpgwatermelon.jpgpapaya.jpg","watermelon.jpg",0,172,"nest","PTSD",1
8037,"alc","alc_w_029","deval","papaya.jpgapple.jpgwatermelon.jpgblueberry.jpg","papaya.jpg",0,188,"nest","PTSD",1
8037,"tool","tools_k_030","deval","papaya.jpgwatermelon.jpgbanana.jpgapple.jpgblueberry.jpg","blueberry.jpg",0,204,"nest","PTSD",1
8037,"tool","tools_k_031","nochange","kiwi.jpgpapaya.jpgbanana.jpgapple.jpg","kiwi.jpg",0,220,"nest","PTSD",1
8037,"alc","alc_b_009","reverse","apple.jpgblueberry.jpgwatermelon.jpgkiwi.jpg","banana.jpg",0,236,"nest","PTSD",0
8038,"alc","alc_l_010","reverse","papaya.jpgblueberry.jpg","apple.jpg",0,132,"nest","PTSD",0
8038,"tool","tools_k_010","reverse","apple.jpgbanana.jpgwatermelon.jpg","watermelon.jpg",0,148,"nest","PTSD",1
8038,"tool","tools_k_005","deval","apple.jpgwatermelon.jpgbanana.jpg","blueberry.jpg",0,164,"nest","PTSD",0
8038,"alc","alc_b_049","nochange","kiwi.jpg","banana.jpg",0,180,"nest","PTSD",0
8038,"tool","tools_k_038","nochange","papaya.jpg","papaya.jpg",1,197,"nest","PTSD",1
8038,"alc","alc_w_017","deval","apple.jpgbanana.jpg","kiwi.jpg",0,213,"nest","PTSD",0
8039,"alc","alc_w_007","nochange","apple.jpgblueberry.jpgwatermelon.jpgpapaya.jpgbanana.jpg","kiwi.jpg",0,123,"nest","PTSD",0
8039,"tool","tools_k_005","nochange","blueberry.jpgapple.jpgbanana.jpg","watermelon.jpg",0,139,"nest","PTSD",0
8039,"alc","alc_b_025","reverse","papaya.jpgapple.jpgblueberry.jpgkiwi.jpg","papaya.jpg",0,155,"nest","PTSD",1
8039,"alc","alc_l_016","deval","papaya.jpgblueberry.jpgbanana.jpg","blueberry.jpg",0,171,"nest","PTSD",1
8039,"tool","tools_k_009","reverse","papaya.jpgkiwi.jpg","apple.jpg",0,187,"nest","PTSD",0
8039,"tool","tools_k_025","deval","papaya.jpgkiwi.jpgapple.jpgbanana.jpg","banana.jpg",0,203,"nest","PTSD",1
8040,"tool","tools_k_013","reverse","kiwi.jpg","kiwi.jpg",1,136,"nest","PTSD",1
8040,"alc","alc_w_049","nochange","blueberry.jpg","blueberry.jpg",1,152,"nest","PTSD",1
8040,"tool","tools_k_049","nochange","papaya.jpg","papaya.jpg",1,168,"nest","PTSD",1
8040,"alc","alc_l_038","reverse","banana.jpg","banana.jpg",1,184,"nest","PTSD",1
8040,"alc","alc_b_030","deval","watermelon.jpg","watermelon.jpg",1,201,"nest","PTSD",1
8040,"tool","tools_k_003","deval","apple.jpg","apple.jpg",1,217,"nest","PTSD",1
8041,"tool","tools_k_015","reverse","apple.jpgkiwi.jpg","kiwi.jpg",0,133,"nest","PTSD",1
8041,"alc","alc_w_037","reverse","blueberry.jpg","blueberry.jpg",1,149,"nest","PTSD",1
8041,"alc","alc_b_033","nochange","papaya.jpg","papaya.jpg",1,165,"nest","PTSD",1
8041,"tool","tools_k_022","nochange","apple.jpg","apple.jpg",1,181,"nest","PTSD",1
8041,"alc","alc_l_036","deval","banana.jpg","banana.jpg",1,197,"nest","PTSD",1
8041,"tool","tools_k_006","deval","watermelon.jpg","watermelon.jpg",1,214,"nest","PTSD",1
8043,"tool","tools_k_030","deval","blueberry.jpg","blueberry.jpg",1,133,"nest","PTSD",1
8043,"alc","alc_w_035","deval","papaya.jpg","papaya.jpg",1,149,"nest","PTSD",1
8043,"alc","alc_l_039","reverse","apple.jpg","apple.jpg",1,165,"nest","PTSD",1
8043,"tool","tools_k_013","reverse","kiwi.jpg","kiwi.jpg",1,181,"nest","PTSD",1
8043,"tool","tools_k_023","nochange","apple.jpgwatermelon.jpg","watermelon.jpg",0,198,"nest","PTSD",1
8043,"alc","alc_b_010","nochange","banana.jpg","banana.jpg",1,214,"nest","PTSD",1
8044,"alc","alc_w_035","reverse","blueberry.jpg","blueberry.jpg",1,133,"nest","PTSD",1
8044,"alc","alc_b_041","deval","blueberry.jpgpapaya.jpg","papaya.jpg",0,149,"nest","PTSD",1
8044,"tool","tools_k_012","reverse","watermelon.jpg","kiwi.jpg",0,165,"nest","PTSD",0
8044,"tool","tools_k_044","nochange","watermelon.jpg","banana.jpg",0,181,"nest","PTSD",0
8044,"tool","tools_k_035","deval","apple.jpg","watermelon.jpg",0,197,"nest","PTSD",0
8044,"alc","alc_l_046","nochange","blueberry.jpg","apple.jpg",0,213,"nest","PTSD",0
8045,"alc","alc_l_043","nochange","watermelon.jpg","watermelon.jpg",1,128,"nest","PTSD",1
8045,"tool","tools_k_014","nochange","blueberry.jpg","blueberry.jpg",1,144,"nest","PTSD",1
8045,"tool","tools_k_017","reverse","papaya.jpg","papaya.jpg",1,160,"nest","PTSD",1
8045,"alc","alc_w_023","reverse","apple.jpg","banana.jpg",0,177,"nest","PTSD",0
8045,"tool","tools_k_046","deval","kiwi.jpg","kiwi.jpg",1,193,"nest","PTSD",1
8045,"alc","alc_b_048","deval","apple.jpg","apple.jpg",1,209,"nest","PTSD",1
8046,"alc","alc_b_001","nochange","watermelon.jpg","watermelon.jpg",1,133,"nest","PTSD",1
8046,"tool","tools_k_041","nochange","banana.jpg","banana.jpg",1,149,"nest","PTSD",1
8046,"alc","alc_w_039","deval","apple.jpg","blueberry.jpg",0,165,"nest","PTSD",0
8046,"tool","tools_k_043","deval","","kiwi.jpg",0,182,"nest","PTSD",0
8046,"alc","alc_l_047","reverse","watermelon.jpg","papaya.jpg",0,198,"nest","PTSD",0
8046,"tool","tools_k_046","reverse","papaya.jpg","apple.jpg",0,214,"nest","PTSD",0
