"Subject","Phase","NumKeep","NumDeval","Study","Group"
7001,"baseline",12,5,"nest","TC"
7001,"midpoint_1",12,6,"nest","TC"
7001,"midpoint_2",12,5,"nest","TC"
7001,"midpoint_3",12,6,"nest","TC"
7001,"deval",11,0,"nest","TC"
7002,"baseline",12,6,"nest","TC"
7002,"midpoint_1",11,6,"nest","TC"
7002,"midpoint_2",12,6,"nest","TC"
7002,"midpoint_3",11,6,"nest","TC"
7002,"deval",9,1,"nest","TC"
7004,"baseline",12,6,"nest","TC"
7004,"midpoint_1",12,6,"nest","TC"
7004,"midpoint_2",11,6,"nest","TC"
7004,"midpoint_3",12,6,"nest","TC"
7004,"deval",10,0,"nest","TC"
7005,"baseline",9,6,"nest","TC"
7005,"midpoint_1",12,6,"nest","TC"
7005,"midpoint_2",12,6,"nest","TC"
7005,"midpoint_3",12,6,"nest","TC"
7005,"deval",9,3,"nest","TC"
7006,"baseline",11,6,"nest","TC"
7006,"midpoint_1",12,6,"nest","TC"
7006,"midpoint_2",12,6,"nest","TC"
7006,"midpoint_3",12,6,"nest","TC"
7006,"deval",12,4,"nest","TC"
7008,"baseline",8,3,"nest","TC"
7008,"midpoint_1",12,6,"nest","TC"
7008,"midpoint_2",12,6,"nest","TC"
7008,"midpoint_3",12,6,"nest","TC"
7008,"deval",11,2,"nest","TC"
7009,"baseline",1,2,"nest","TC"
7009,"midpoint_1",12,6,"nest","TC"
7009,"midpoint_2",12,5,"nest","TC"
7009,"midpoint_3",12,6,"nest","TC"
7009,"deval",11,1,"nest","TC"
7010,"baseline",0,0,"nest","TC"
7010,"midpoint_1",0,0,"nest","TC"
7010,"midpoint_2",1,0,"nest","TC"
7010,"midpoint_3",0,0,"nest","TC"
7010,"deval",0,0,"nest","TC"
7012,"baseline",11,6,"nest","TC"
7012,"midpoint_1",12,6,"nest","TC"
7012,"midpoint_2",12,6,"nest","TC"
7012,"midpoint_3",12,6,"nest","TC"
7012,"deval",10,3,"nest","TC"
7013,"baseline",11,6,"nest","TC"
7013,"midpoint_1",12,6,"nest","TC"
7013,"midpoint_2",12,6,"nest","TC"
7013,"midpoint_3",12,6,"nest","TC"
7013,"deval",11,3,"nest","TC"
7015,"baseline",6,3,"nest","TC"
7015,"midpoint_1",11,6,"nest","TC"
7015,"midpoint_2",12,6,"nest","TC"
7015,"midpoint_3",12,6,"nest","TC"
7015,"deval",2,3,"nest","TC"
7016,"baseline",12,6,"nest","TC"
7016,"midpoint_1",12,6,"nest","TC"
7016,"midpoint_2",12,6,"nest","TC"
7016,"midpoint_3",12,6,"nest","TC"
7016,"deval",9,2,"nest","TC"
7017,"baseline",0,0,"nest","TC"
7017,"midpoint_1",4,2,"nest","TC"
7017,"midpoint_2",12,5,"nest","TC"
7017,"midpoint_3",12,5,"nest","TC"
7017,"deval",9,3,"nest","TC"
7018,"baseline",0,0,"nest","TC"
7018,"midpoint_1",6,3,"nest","TC"
7018,"midpoint_2",12,6,"nest","TC"
7018,"midpoint_3",12,6,"nest","TC"
7018,"deval",12,3,"nest","TC"
7021,"baseline",11,6,"nest","TC"
7021,"midpoint_1",0,1,"nest","TC"
7021,"midpoint_2",12,6,"nest","TC"
7021,"midpoint_3",12,6,"nest","TC"
7021,"deval",8,1,"nest","TC"
7022,"baseline",0,0,"nest","TC"
7022,"midpoint_1",3,0,"nest","TC"
7022,"midpoint_2",10,5,"nest","TC"
7022,"midpoint_3",11,4,"nest","TC"
7022,"deval",11,0,"nest","TC"
7025,"baseline",10,6,"nest","TC"
7025,"midpoint_1",12,5,"nest","TC"
7025,"midpoint_2",12,6,"nest","TC"
7025,"midpoint_3",12,6,"nest","TC"
7025,"deval",10,3,"nest","TC"
7026,"baseline",10,6,"nest","TC"
7026,"midpoint_1",12,5,"nest","TC"
7026,"midpoint_2",12,6,"nest","TC"
7026,"midpoint_3",12,6,"nest","TC"
7026,"deval",2,3,"nest","TC"
7027,"baseline",12,6,"nest","TC"
7027,"midpoint_1",12,6,"nest","TC"
7027,"midpoint_2",12,6,"nest","TC"
7027,"midpoint_3",12,6,"nest","TC"
7027,"deval",12,0,"nest","TC"
7028,"baseline",12,6,"nest","TC"
7028,"midpoint_1",12,6,"nest","TC"
7028,"midpoint_2",12,6,"nest","TC"
7028,"midpoint_3",12,6,"nest","TC"
7028,"deval",9,1,"nest","TC"
7029,"baseline",11,6,"nest","TC"
7029,"midpoint_1",12,6,"nest","TC"
7029,"midpoint_2",12,6,"nest","TC"
7029,"midpoint_3",12,6,"nest","TC"
7029,"deval",10,4,"nest","TC"
7035,"baseline",6,4,"nest","TC"
7035,"midpoint_1",12,6,"nest","TC"
7035,"midpoint_2",12,5,"nest","TC"
7035,"midpoint_3",12,6,"nest","TC"
7035,"deval",10,1,"nest","TC"
7037,"baseline",11,6,"nest","TC"
7037,"midpoint_1",12,6,"nest","TC"
7037,"midpoint_2",12,6,"nest","TC"
7037,"midpoint_3",11,6,"nest","TC"
7037,"deval",10,1,"nest","TC"
7040,"baseline",10,5,"nest","TC"
7040,"midpoint_1",12,6,"nest","TC"
7040,"midpoint_2",12,5,"nest","TC"
7040,"midpoint_3",12,6,"nest","TC"
7040,"deval",9,2,"nest","TC"
7041,"baseline",12,6,"nest","TC"
7041,"midpoint_1",12,6,"nest","TC"
7041,"midpoint_2",12,6,"nest","TC"
7041,"midpoint_3",11,6,"nest","TC"
7041,"deval",11,1,"nest","TC"
7042,"baseline",11,6,"nest","TC"
7042,"midpoint_1",12,6,"nest","TC"
7042,"midpoint_2",12,6,"nest","TC"
7042,"midpoint_3",12,6,"nest","TC"
7042,"deval",9,0,"nest","TC"
7043,"baseline",8,2,"nest","TC"
7043,"midpoint_1",12,6,"nest","TC"
7043,"midpoint_2",12,6,"nest","TC"
7043,"midpoint_3",12,6,"nest","TC"
7043,"deval",9,1,"nest","TC"
7045,"baseline",3,1,"nest","TC"
7045,"midpoint_1",4,0,"nest","TC"
7045,"midpoint_2",4,0,"nest","TC"
7045,"midpoint_3",2,1,"nest","TC"
7045,"deval",2,1,"nest","TC"
7046,"baseline",12,5,"nest","TC"
7046,"midpoint_1",12,6,"nest","TC"
7046,"midpoint_2",12,6,"nest","TC"
7049,"baseline",0,0,"nest","TC"
7049,"midpoint_1",8,3,"nest","TC"
7049,"midpoint_2",12,6,"nest","TC"
7049,"midpoint_3",12,6,"nest","TC"
7049,"deval",8,1,"nest","TC"
7050,"baseline",11,6,"nest","TC"
7050,"midpoint_1",11,6,"nest","TC"
7050,"midpoint_2",11,6,"nest","TC"
7050,"midpoint_3",12,6,"nest","TC"
7050,"deval",10,5,"nest","TC"
7051,"baseline",10,5,"nest","TC"
7051,"midpoint_1",12,6,"nest","TC"
7051,"midpoint_2",12,6,"nest","TC"
7051,"midpoint_3",12,6,"nest","TC"
7051,"deval",6,5,"nest","TC"
7052,"baseline",11,4,"nest","TC"
7052,"midpoint_1",12,5,"nest","TC"
7052,"midpoint_2",12,6,"nest","TC"
7053,"baseline",11,5,"nest","TC"
7053,"midpoint_1",12,6,"nest","TC"
7053,"midpoint_2",11,6,"nest","TC"
7053,"midpoint_3",11,6,"nest","TC"
7053,"deval",6,1,"nest","TC"
8001,"baseline",9,2,"nest","PTSD"
8001,"midpoint_1",12,6,"nest","PTSD"
8001,"midpoint_2",12,6,"nest","PTSD"
8001,"midpoint_3",12,6,"nest","PTSD"
8001,"deval",10,6,"nest","PTSD"
8002,"baseline",10,5,"nest","PTSD"
8002,"midpoint_1",12,6,"nest","PTSD"
8002,"midpoint_2",12,6,"nest","PTSD"
8002,"midpoint_3",12,6,"nest","PTSD"
8002,"deval",11,2,"nest","PTSD"
8003,"baseline",11,6,"nest","PTSD"
8003,"midpoint_1",12,5,"nest","PTSD"
8003,"midpoint_2",12,6,"nest","PTSD"
8003,"midpoint_3",11,6,"nest","PTSD"
8003,"deval",1,4,"nest","PTSD"
8005,"baseline",0,0,"nest","PTSD"
8005,"midpoint_1",12,6,"nest","PTSD"
8005,"midpoint_2",12,6,"nest","PTSD"
8005,"midpoint_3",11,6,"nest","PTSD"
8005,"deval",10,1,"nest","PTSD"
8006,"baseline",1,1,"nest","PTSD"
8006,"midpoint_1",0,0,"nest","PTSD"
8006,"midpoint_2",9,4,"nest","PTSD"
8006,"midpoint_3",12,6,"nest","PTSD"
8006,"deval",12,1,"nest","PTSD"
8009,"baseline",7,6,"nest","PTSD"
8009,"midpoint_1",9,3,"nest","PTSD"
8009,"midpoint_2",11,6,"nest","PTSD"
8009,"midpoint_3",12,6,"nest","PTSD"
8009,"deval",12,5,"nest","PTSD"
8011,"baseline",12,5,"nest","PTSD"
8011,"midpoint_1",11,6,"nest","PTSD"
8011,"midpoint_2",12,6,"nest","PTSD"
8011,"midpoint_3",12,6,"nest","PTSD"
8011,"deval",10,3,"nest","PTSD"
8012,"baseline",10,6,"nest","PTSD"
8012,"midpoint_1",7,6,"nest","PTSD"
8012,"midpoint_2",12,6,"nest","PTSD"
8012,"midpoint_3",12,6,"nest","PTSD"
8012,"deval",12,1,"nest","PTSD"
8013,"baseline",12,5,"nest","PTSD"
8013,"midpoint_1",12,6,"nest","PTSD"
8013,"midpoint_2",12,6,"nest","PTSD"
8013,"midpoint_3",12,6,"nest","PTSD"
8013,"deval",12,0,"nest","PTSD"
8014,"baseline",12,4,"nest","PTSD"
8014,"midpoint_1",5,4,"nest","PTSD"
8014,"midpoint_2",12,6,"nest","PTSD"
8014,"midpoint_3",12,6,"nest","PTSD"
8014,"deval",12,3,"nest","PTSD"
8015,"baseline",8,4,"nest","PTSD"
8015,"midpoint_1",11,4,"nest","PTSD"
8015,"midpoint_2",10,5,"nest","PTSD"
8015,"midpoint_3",9,4,"nest","PTSD"
8015,"deval",9,0,"nest","PTSD"
8017,"baseline",12,6,"nest","PTSD"
8017,"midpoint_1",12,6,"nest","PTSD"
8017,"midpoint_2",12,6,"nest","PTSD"
8017,"midpoint_3",12,6,"nest","PTSD"
8017,"deval",12,0,"nest","PTSD"
8019,"baseline",11,6,"nest","PTSD"
8019,"midpoint_1",12,6,"nest","PTSD"
8019,"midpoint_2",11,6,"nest","PTSD"
8019,"midpoint_3",12,6,"nest","PTSD"
8019,"deval",10,1,"nest","PTSD"
8020,"baseline",10,6,"nest","PTSD"
8020,"midpoint_1",12,6,"nest","PTSD"
8020,"midpoint_2",12,6,"nest","PTSD"
8020,"midpoint_3",12,6,"nest","PTSD"
8020,"deval",12,6,"nest","PTSD"
8024,"baseline",0,0,"nest","PTSD"
8024,"midpoint_1",12,6,"nest","PTSD"
8024,"midpoint_2",12,6,"nest","PTSD"
8024,"midpoint_3",11,5,"nest","PTSD"
8024,"deval",5,1,"nest","PTSD"
8026,"baseline",11,5,"nest","PTSD"
8026,"midpoint_1",12,6,"nest","PTSD"
8026,"midpoint_2",12,6,"nest","PTSD"
8026,"midpoint_3",12,5,"nest","PTSD"
8026,"deval",9,4,"nest","PTSD"
8027,"baseline",12,6,"nest","PTSD"
8027,"midpoint_1",12,6,"nest","PTSD"
8027,"midpoint_2",12,6,"nest","PTSD"
8027,"midpoint_3",11,6,"nest","PTSD"
8027,"deval",9,4,"nest","PTSD"
8028,"baseline",0,1,"nest","PTSD"
8028,"midpoint_1",0,3,"nest","PTSD"
8028,"midpoint_2",0,3,"nest","PTSD"
8028,"midpoint_3",0,3,"nest","PTSD"
8028,"deval",3,0,"nest","PTSD"
8029,"baseline",12,6,"nest","PTSD"
8029,"midpoint_1",12,6,"nest","PTSD"
8029,"midpoint_2",12,5,"nest","PTSD"
8029,"midpoint_3",11,6,"nest","PTSD"
8029,"deval",8,2,"nest","PTSD"
8030,"baseline",12,6,"nest","PTSD"
8030,"midpoint_1",12,6,"nest","PTSD"
8030,"midpoint_2",12,6,"nest","PTSD"
8030,"midpoint_3",12,6,"nest","PTSD"
8030,"deval",12,1,"nest","PTSD"
8031,"baseline",7,1,"nest","PTSD"
8031,"midpoint_1",12,6,"nest","PTSD"
8031,"midpoint_2",12,6,"nest","PTSD"
8031,"midpoint_3",12,6,"nest","PTSD"
8031,"deval",12,0,"nest","PTSD"
8032,"baseline",12,6,"nest","PTSD"
8032,"midpoint_1",12,6,"nest","PTSD"
8032,"midpoint_2",12,5,"nest","PTSD"
8032,"midpoint_3",12,6,"nest","PTSD"
8032,"deval",11,2,"nest","PTSD"
8033,"baseline",12,6,"nest","PTSD"
8033,"midpoint_1",12,6,"nest","PTSD"
8033,"midpoint_2",12,6,"nest","PTSD"
8033,"midpoint_3",12,6,"nest","PTSD"
8033,"deval",11,4,"nest","PTSD"
8034,"baseline",12,6,"nest","PTSD"
8034,"midpoint_1",11,6,"nest","PTSD"
8034,"midpoint_2",11,6,"nest","PTSD"
8034,"midpoint_3",12,5,"nest","PTSD"
8034,"deval",10,3,"nest","PTSD"
8035,"baseline",12,6,"nest","PTSD"
8035,"midpoint_1",12,6,"nest","PTSD"
8035,"midpoint_2",6,3,"nest","PTSD"
8035,"midpoint_3",12,6,"nest","PTSD"
8035,"deval",11,2,"nest","PTSD"
8037,"baseline",6,5,"nest","PTSD"
8037,"midpoint_1",11,6,"nest","PTSD"
8037,"midpoint_2",12,6,"nest","PTSD"
8037,"midpoint_3",11,6,"nest","PTSD"
8037,"deval",8,0,"nest","PTSD"
8038,"baseline",1,0,"nest","PTSD"
8038,"midpoint_1",3,2,"nest","PTSD"
8038,"midpoint_2",12,6,"nest","PTSD"
8038,"midpoint_3",12,6,"nest","PTSD"
8038,"deval",11,4,"nest","PTSD"
8039,"baseline",0,0,"nest","PTSD"
8039,"midpoint_1",1,2,"nest","PTSD"
8039,"midpoint_2",2,1,"nest","PTSD"
8039,"midpoint_3",1,4,"nest","PTSD"
8039,"deval",3,1,"nest","PTSD"
8040,"baseline",11,5,"nest","PTSD"
8040,"midpoint_1",12,6,"nest","PTSD"
8040,"midpoint_2",12,6,"nest","PTSD"
8040,"midpoint_3",12,6,"nest","PTSD"
8040,"deval",9,4,"nest","PTSD"
8041,"baseline",11,6,"nest","PTSD"
8041,"midpoint_1",12,6,"nest","PTSD"
8041,"midpoint_2",12,6,"nest","PTSD"
8041,"midpoint_3",11,6,"nest","PTSD"
8041,"deval",10,3,"nest","PTSD"
8043,"baseline",11,5,"nest","PTSD"
8043,"midpoint_1",12,5,"nest","PTSD"
8043,"midpoint_2",12,6,"nest","PTSD"
8043,"midpoint_3",12,5,"nest","PTSD"
8043,"deval",9,2,"nest","PTSD"
8044,"baseline",0,0,"nest","PTSD"
8044,"midpoint_1",2,1,"nest","PTSD"
8044,"midpoint_2",1,0,"nest","PTSD"
8044,"midpoint_3",0,0,"nest","PTSD"
8044,"deval",1,1,"nest","PTSD"
8045,"baseline",2,3,"nest","PTSD"
8045,"midpoint_1",1,0,"nest","PTSD"
8045,"midpoint_2",11,6,"nest","PTSD"
8045,"midpoint_3",11,6,"nest","PTSD"
8045,"deval",10,1,"nest","PTSD"
8046,"baseline",12,5,"nest","PTSD"
8046,"midpoint_1",11,5,"nest","PTSD"
8046,"midpoint_2",11,6,"nest","PTSD"
8046,"midpoint_3",12,6,"nest","PTSD"
8046,"deval",4,0,"nest","PTSD"
