Subject,group,A_win,tau,p
7001,TC,0.189173745,4.289831955,-0.10738868
7002,TC,0.188558229,2.479981631,-0.130007096
7004,TC,0.083718753,3.385112128,-0.220510652
7005,TC,0.094897692,5.038554443,-0.000604228
7006,TC,0.174016131,3.041579908,-0.113088204
7008,TC,0.169878773,3.869546367,-0.145039547
7009,TC,0.312316486,2.171235043,0.032295511
7010,TC,0.024062374,6.303949418,0.016229135
7012,TC,0.054999175,2.952216839,-0.140251898
7013,TC,0.060746675,7.38027899,-0.074566098
7015,TC,0.332302924,1.690241578,-0.690362628
7016,TC,0.126383165,5.18440429,0.205865157
7017,TC,0.042280055,6.514833448,-0.119287502
7018,TC,0.583400109,2.155063751,-0.01611615
7021,TC,0.117171208,2.670817755,0.213271458
7022,TC,0.090006362,2.554260703,-0.005254448
7025,TC,0.007304032,3.128875325,-0.049469955
7026,TC,0.415850179,2.784021338,0.181988199
7027,TC,0.061656998,8.604174277,0.316377811
7028,TC,0.04707489,5.622637231,-0.079108941
7029,TC,0.111632139,3.192026864,-0.00874881
7035,TC,0.186595931,7.219219352,-0.072728612
7037,TC,0.196826907,4.657764555,-0.070602735
7040,TC,0.029912069,3.982321639,0.057921016
7041,TC,0.030364856,6.563337114,0.041555176
7042,TC,0.037039437,8.273369391,-0.045609361
7043,TC,0.313716171,5.260316378,-0.093505228
7045,TC,0.140328838,5.011498634,0.050443989
7046,TC,0.122837509,4.240185209,-0.058412152
7049,TC,0.153439696,2.405873511,0.042165215
7050,TC,0.041870012,5.136302777,-0.319868309
7051,TC,0.101879372,3.971297441,0.142183031
7052,TC,0.081205268,4.894860672,0.191660762
7053,TC,0.1363237,5.657721318,-0.286454466
8001,PTSD,0.090789303,2.953034795,-0.231147085
8002,PTSD,0.150944716,2.696695151,0.538829695
8003,PTSD,0.215955314,2.303935986,-0.06061458
8005,PTSD,0.13521929,5.61810368,-0.261293776
8006,PTSD,0.08798185,5.58825052,-0.606052391
8009,PTSD,0.003351729,3.375864406,0.390079869
8011,PTSD,0.331673341,8.710224087,-0.334352103
8012,PTSD,0.02813344,5.71777679,0.017365237
8013,PTSD,0.105308686,6.845718827,-0.007485171
8014,PTSD,0.03353091,3.809137228,-0.221112409
8015,PTSD,0.005025082,3.399627621,0.015234487
8017,PTSD,0.054526595,7.124078838,0.45291173
8019,PTSD,0.28691161,2.667029244,0.206418026
8020,PTSD,0.017821296,3.462956944,-1.474491387
8024,PTSD,0.011868229,3.321469798,0.345054732
8026,PTSD,0.023468468,4.439227549,-0.10354646
8027,PTSD,0.065106055,4.158924579,-0.055515618
8028,PTSD,0.035422674,4.67353679,-0.071962013
8029,PTSD,0.102111903,7.727441516,-0.086821757
8030,PTSD,0.086089206,3.705239467,-0.098256655
8031,PTSD,0.066871363,4.788562142,0.119565551
8032,PTSD,0.089476058,3.403518836,-0.627049769
8033,PTSD,0.047162619,5.779107236,0.374871959
8034,PTSD,0.077608644,3.062841923,-0.217050375
8035,PTSD,0.263603162,3.550111328,-0.117698141
8037,PTSD,0.222630103,2.092209285,-0.46360594
8038,PTSD,0.013608555,3.493055571,-0.1507278
8039,PTSD,0.007009002,3.427518128,0.265774891
8040,PTSD,0.299702832,3.079153348,-0.15714868
8041,PTSD,0.053526789,3.56360229,-0.321847128
8043,PTSD,0.269504575,5.480556645,-0.146300854
8044,PTSD,0.026071463,5.150924109,-0.824282639
8045,PTSD,0.245192084,4.649914398,-0.443521841
8046,PTSD,0.121248589,2.483778385,-0.230161909